Collected Date,Channel,Keyword,Upload Date,Video URL,Caption,Views,Likes,Comments
2026-07-03,thietbithongminh8,qrevo 2 pro,2026-07-02,https://www.tiktok.com/@thietbithongminh8/video/7657748959741349141,"Roborock Qrevo 2 pro , lực hút cao ngất , đầy đủ tính năng vừa mới ra mắt chắn chắc sẽ mang tới cho bạn trải nghiệm tốt nhất . Ghé cửa hàng để trải nghiệm ngay #gihosmarthome #RobotQuangNgai #709QuangTrung #RobotHutBuiLauNha #Roborock ",6150,26,5
2026-07-03,thuyduonggiadung,qrevo 2 pro,2026-07-02,https://www.tiktok.com/@thuyduonggiadung/video/7657920368811756818,"🏬 Gia dụng Thùy Dương 📞 098 248 93 23 📍 Số 455 Minh Khai 1- Phường Chũ, Bắc Ninh https://maps.app.goo.gl/wsKGGw4Q2i9od31t8  #GiaDungThuyDuong  #Roborock  #robothutbui #Qrevo2Pro ",202,8,0
2026-07-03,thuyduonggiadung,qrevo 2 pro,2026-06-29,https://www.tiktok.com/@thuyduonggiadung/video/7656801729932971282,#giadungthuyduong #Qrevo2Pro #roborock #robothutbui ,176,3,1
2026-07-03,thuyduonggiadung,qrevo 2 pro,2026-06-29,https://www.tiktok.com/@thuyduonggiadung/video/7656717693063597319,Siêu phẩm được chờ đợi nhất #Qrevo2Pro #giadungthuyduong #robothutbui #xuhuong #roborock ,173,9,0
2026-07-03,kimanh_1202,qrevo 2 pro,2026-07-03,https://www.tiktok.com/@kimanh_1202/video/7658206580529368341,🔥5 Lý do nên chọn qrevo 2 pro❤️❤️❤️❤️ #Roborock #Qrevo2Pro #robothutbui,200,8,0
2026-07-03,kimanh_1202,qrevo 2 pro,2026-07-03,https://www.tiktok.com/@kimanh_1202/video/7658198435249605909,🔥Robot có thực sự biết né vật cản khi nhà cửa quá nhiều đồ đạc...#Roborock #Qrevo2Pro #robothutbui #ahastore #xuhuong #trending #viralvideotiktok #trendingsound,201,10,2
2026-07-03,kimanh_1202,qrevo 2 pro,2026-07-03,https://www.tiktok.com/@kimanh_1202/video/7658193094524914965,🔥Có gì hay ở Qrevo 2 Pro sản phẩm mới ra mắt của nhà Roborock#Roborock #Qrevo2Pro #robothutbui #ahastore #xuhuong #trending #viralvideotiktok #trendingsound,150,8,0
2026-07-03,kimanh_1202,qrevo 2 pro,2026-07-03,https://www.tiktok.com/@kimanh_1202/video/7658192717175868693,👉Dưới 15tr cùng xem robot nào đáng giá nhất...#Roborock #Qrevo2Pro #robothutbui #ahastore #xuhuong #trending #viralvideotiktok #trendingsound,151,9,0
2026-07-03,kimanh_1202,qrevo 2 pro,2026-07-02,https://www.tiktok.com/@kimanh_1202/video/7657921658782567701,👉Hình ảnh Qrevo 2 Pro trên mạng và thực tế....🤔#Roborock #Qrevo2Pro #robothutbui #ahastore #xuhuong #trending #viralvideotiktok #trendingsound,148,6,0
2026-07-03,kimanh_1202,qrevo 2 pro,2026-07-02,https://www.tiktok.com/@kimanh_1202/video/7657920797960588564,👉Cách xử lý những vết bẩn ố bẩn lâu ngày trên sàn nhà....#Roborock #Qrevo2Pro #robothutbui #xuhuong #ahastore #trending #viralvideotiktok #trendingsound,154,6,0
2026-07-03,kimanh_1202,qrevo 2 pro,2026-07-02,https://www.tiktok.com/@kimanh_1202/video/7657920544343411989,🔥Giải pháp cho những ngôi nhà nhiều có thảm...#Roborock #robothutbui #xuhuong #Qrevo2Pro #ahastore #trending #viralvideotiktok,170,9,0
2026-07-03,kimanh_1202,qrevo 2 pro,2026-07-02,https://www.tiktok.com/@kimanh_1202/video/7657920109863816469,Qrevo 2 Pro của nhà Roborock có gì mà hot đến thế❓#Roborock #robothutbui #xuhuong #ahastore #trending #viralvideotiktok,193,10,0
2026-07-03,kimanh_1202,qrevo 2 pro,2026-07-02,https://www.tiktok.com/@kimanh_1202/video/7657792649247673608,🥱Sếp bảo sao mình làm vậy. Mà sao giờ đòi vô họp gấp nhỉ....🤔#Roborock #robothutbui #xuhuong #ahastore #Qrevo2Pro #trendingsound #viralvideotiktok,783,35,2
2026-07-03,kimanh_1202,qrevo 2 pro,2026-07-01,https://www.tiktok.com/@kimanh_1202/video/7657550329143102740,"🔥Robot đời cũ hút yếu, hút mãi không sạch....#Roborock #Qrevo2Pro #robothutbui #xuhuong #ahastore",166,6,0
2026-07-03,kimanh_1202,qrevo 2 pro,2026-06-30,https://www.tiktok.com/@kimanh_1202/video/7657187736385785096,🔥Giá tầm trung nhưng công nghệ đỉnh cao.... #Qrevo2Pro #Roborock #robothutbui #xuhuong #ahastore,230,10,2
2026-07-03,kimanh_1202,qrevo 2 pro,2026-06-29,https://www.tiktok.com/@kimanh_1202/video/7656849287812254977,🤣Nay em chạy quảng cáo sản phẩm mới bằng cơm cho các bác xem.....#Roborock #Qrevo2Pro #robothutbui #ahastore #xuhuong,317,25,10
2026-07-03,kimanh_1202,qrevo 2 pro,2026-06-20,https://www.tiktok.com/@kimanh_1202/video/7653347925560495381,🔥SIÊU PHẨM QREVO 2 PRO ĐÃ CHÍNH THỨC CẬP BẾN AHA STORE. ĐẾN ĐỂ TRẢI NGHIỆM VÀ NHẬN TƯ VẤN NGAY…..#robotrock #ahastore #xuhuong #tiktok #qrevo2pro ,184,8,2
2026-07-03,kimanh_1202,qrevo 2 pro,2026-06-13,https://www.tiktok.com/@kimanh_1202/video/7650868810039299349,💎  Roborock Qrevo 2 Pro: Công nghệ vượt tầm giá – Nhà sạch ổn định – Thao tác tối giản. ----------------------------------- 📍AHA STORE - KIẾN TẠO CHO CUỘC SỐNG THẢNH THƠI Roborock###,162,9,5
2026-07-03,tigerbot.smarthome,qrevo 2 pro,2026-07-02,https://www.tiktok.com/@tigerbot.smarthome/video/7657919250383801621,"📍 TigerBot Smart Home  🏠 121F Nguyễn Huệ, Phường Long Châu, Vĩnh Long 📞 Hotline: 0941 861 903 #qrevo2pro #roborock #robothutbui   ",163,11,5
2026-07-03,tigerbot.smarthome,qrevo 2 pro,2026-07-01,https://www.tiktok.com/@tigerbot.smarthome/video/7657423769358585109,"🏡✨ MỘT CHIẾC ROBOT – GẦN NHƯ LO TRỌN VIỆC NHÀ! Nếu bạn đang tìm một trợ thủ có thể thay mình xử lý hầu hết công việc dọn dẹp hằng ngày, Roborock Qrevo 2 Pro chính là lựa chọn đáng cân nhắc. 🤖 Từ bụi mịn, tóc rụng, lông thú cưng đến các góc khuất hay thảm trải sàn, Qrevo 2 Pro đều được trang bị công nghệ để làm sạch hiệu quả. 💥 Lực hút HyperForce® 25.000Pa hút sạch bụi bẩn và rác vụn chỉ trong một lần di chuyển. 🧹 FlexiArm™ tự động mở rộng chổi cạnh và giẻ lau, làm sạch sát mép tường, góc nhà và những vị trí dễ bị bỏ sót. 🌀 Hệ thống chống rối toàn thân đạt chứng nhận SGS giúp giảm tối đa tóc quấn vào chổi, duy trì hiệu suất ổn định. 🏠 Tự động tháo giẻ khi làm sạch thảm, kết hợp dock đa năng tự giặt giẻ, sấy khô, thu gom bụi và tự làm sạch, mang đến trải nghiệm gần như rảnh tay hoàn toàn. ✨ Việc dọn dẹp giờ đây chỉ còn là một thao tác chạm trên điện thoại. Phần còn lại, hãy để Roborock Qrevo 2 Pro chăm sóc. 📍 TigerBot Smart Home 🏠 121F Nguyễn Huệ, Phường Long Châu, Vĩnh Long 📞 Hotline: 0941 861 903 👉 Inbox ngay để được tư vấn và nhận ưu đãi hấp dẫn! #Roborock #RoborockVietnam #Qrevo2Pro #TigerBotSmartHome #VINHLONG      ",133,3,0
2026-07-03,tigerbot.smarthome,qrevo 2 pro,2026-06-30,https://www.tiktok.com/@tigerbot.smarthome/video/7657058553684839701,"🏡✨ MỘT CHIẾC ROBOT – GẦN NHƯ LO TRỌN VIỆC NHÀ! Nếu bạn đang tìm một trợ thủ có thể thay mình xử lý hầu hết công việc dọn dẹp hằng ngày, Roborock Qrevo 2 Pro chính là lựa chọn đáng cân nhắc. 🤖 Từ bụi mịn, tóc rụng, lông thú cưng đến các góc khuất hay thảm trải sàn, Qrevo 2 Pro đều được trang bị công nghệ để làm sạch hiệu quả. 💥 Lực hút HyperForce® 25.000Pa hút sạch bụi bẩn và rác vụn chỉ trong một lần di chuyển. 🧹 FlexiArm™ tự động mở rộng chổi cạnh và giẻ lau, làm sạch sát mép tường, góc nhà và những vị trí dễ bị bỏ sót. 🌀 Hệ thống chống rối toàn thân đạt chứng nhận SGS giúp giảm tối đa tóc quấn vào chổi, duy trì hiệu suất ổn định. 🏠 Tự động tháo giẻ khi làm sạch thảm, kết hợp dock đa năng tự giặt giẻ, sấy khô, thu gom bụi và tự làm sạch, mang đến trải nghiệm gần như rảnh tay hoàn toàn. ✨ Việc dọn dẹp giờ đây chỉ còn là một thao tác chạm trên điện thoại. Phần còn lại, hãy để Roborock Qrevo 2 Pro chăm sóc. 📍 TigerBot Smart Home 🏠 121F Nguyễn Huệ, Phường Long Châu, Vĩnh Long 📞 Hotline: 0941 861 903 👉 Inbox ngay để được tư vấn và nhận ưu đãi hấp dẫn! #Roborock #RoborockVietnam #Qrevo2Pro #TigerBotSmartHome #VINHLONG      ",109,3,0
2026-07-03,minhchautestthat,qrevo 2 pro,2026-07-03,https://www.tiktok.com/@minhchautestthat/video/7658153034643426581,Test 010: Robot có xử lý được vết bẩn bám từ giày dép sau mưa không? Test này có tâm rồi chứ ae 🤭🤭 ae cần test thêm gì cmt xuống nhé  #minhchautestthat #roborock #roborockqrevo2pro #maylaunha ,57500,350,84
2026-07-03,minhchautestthat,qrevo 2 pro,2026-07-02,https://www.tiktok.com/@minhchautestthat/video/7657792008018218260,"Mấy dòng này oke phết. Combo Vỏ trấu, vỏ hướng dương và tóc- Xử lý cái vèo🤭 Robot hút bụi lau nhà Roborock Qrevo 2 Pro nhé ae #minhchautestthat #roborock #qrevo2pro #minhchausmarthome #roborockqrevo2pro ",26700,148,40
2026-07-03,minhchautestthat,qrevo 2 pro,2026-07-01,https://www.tiktok.com/@minhchautestthat/video/7657385151206395156,"Robot hút bụi lau nhà Roborock Qrevo 2 Pro có hút được lông chó mèo không? Mời ace kiểm chứng nhé, ace cần test gì comment xuống dưới nhé #minhchautestthat #robothutbuilaunha #roborockqrevo2pro #roborock #qrevo2pro ",2027,4,5
2026-07-03,minhchautestthat,qrevo 2 pro,2026-06-28,https://www.tiktok.com/@minhchautestthat/video/7656259073104497941,"Robot hút bụi lau nhà có hút sạch tóc không, có bị mắc tóc vào chổi cuốn không?  cùng mình test thực tế nhé 😜 #minhchautestthat #robothuttoc #qrevo2pro #dondep #robothutbuibacgiang ",972,8,2
2026-07-03,minhchautestthat,qrevo 2 pro,2026-06-26,https://www.tiktok.com/@minhchautestthat/video/7655681558342389012,Bài test vui giữa 2 em Robot hút bụi lau nhà phân khúc 12-13tr của 2 thương hiệu bán chạy nhất Việt Nam  ae cần test với sp nào cmt xuống dưới nhé  #minhchautestthat #roborock #qrevo2pro #ecovacs #t30c ,1712,18,2
2026-07-03,minhchautestthat,qrevo 2 pro,2026-06-26,https://www.tiktok.com/@minhchautestthat/video/7655514160461024532,Test #001 Robot hút bụi lau nhà Roborock Qrevo 2 pro vs vỏ hướng dương!  #minhchautestthat #vohuongduong #robothutbuibacgiang ,549,5,0
2026-07-03,minhchautestthat,qrevo 2 pro,2026-06-25,https://www.tiktok.com/@minhchautestthat/video/7655222664721730836,Hướng dẫn cài app Robot hút bụi lau nhà Roborock Qrevo 2 pro  #minhchau #huongdan #caiapp  #roborock #qrevo2pro ,697,11,0
2026-07-03,minhchautestthat,qrevo 2 pro,2026-06-24,https://www.tiktok.com/@minhchautestthat/video/7654819261697150229,"- Lực hút khủng: 25000pa - Pin: 5200mAh làm việc 200m2 - Robot: chổi chống mắc tóc, nâng khăn, xoè khăn - Trạm sạc: tự thu bụi, giặt nóng, sấy nóng, vệ sinh trạm được cải tiến,. - Robot nói tiếng Việt, app tiếng Việt dễ dùng - Bảo hành chính hãng 2 năm, free ship 2 chiều trong trường hợp cần bảo hành - Mức giá: tầm 13tr anh em thấy sao về em nó. #roborock #qrevo2pro #minhchau #robothutbuibacgiang",737,2,2
2026-07-03,minhchautestthat,qrevo 2 pro,2026-06-24,https://www.tiktok.com/@minhchautestthat/video/7654784589864504597,🔥 ĐẬP HỘP ROBOROCK QREVO 2 PRO Robot hút bụi lau nhà được đánh giá sẽ là một trong những sản phẩm chiến lược của Roborock thời gian tới. #Roborock #Qrevo2Pro #MinhChauSmarthome #RobotHutBui #RobotLauNha ,626,9,4
2026-07-03,.hng0863,qrevo 2 pro,2026-07-02,https://www.tiktok.com/@.hng0863/video/7657911966656204053,"Tự để lại giẻ tại dock trước khi làm thảm, giữ thảm khô sạch và hạn chế bẩn chéo ✨ Khay giặt tự làm sạch thế hệ 2, giúp dock sạch lâu hơn theo thời gian và giảm công vệ sinh định kỳ ✨ Dock đa năng tự giặt và sấy sau mỗi chu trình, để robot luôn sẵn sàng cho lần chạy tiếp theo #Roborock #Qrevo2Pro #Robothutbui #thietbithongminh ",152,3,0
2026-07-03,.hng0863,qrevo 2 pro,2026-07-01,https://www.tiktok.com/@.hng0863/video/7657574092937137429,"😮‍💨 Bạn yên tâm, đã có dock của Qrevo 2 Pro với thiết kế bo tròn tinh tế, vì không phải mọi công nghệ đều nằm ở bên trong. Đôi khi, một chi tiết nhỏ như dock bo tròn cũng đủ để mỗi lần đi ngang bớt đi một cú va chạm. Bởi trải nghiệm tốt không chỉ đến từ việc robot dọn sạch, mà còn từ cách mọi chi tiết được thiết kế để sống cùng ngôi nhà của bạn. Luôn nghĩ cho bạn, luôn là Qrevo 2 Pro 💛  #Roborock   #Qrevo2Pro #robothutbui  #thietbithongminh ",136,1,0
2026-07-03,.hng0863,qrevo 2 pro,2026-06-30,https://www.tiktok.com/@.hng0863/video/7657177436286782741,"✨ QREVO 2 PRO – CHỌN CÔNG NGHỆ VƯỢT TẦM GIÁ, VIỆC CHĂM NHÀ ĐƯỢC GIAO PHÓ THEO CÁCH THẬT DỄ CHỊU 🤍 Robot hút bụi lau nhà Roborock Qrevo 2 Pro xuất hiện như một lựa chọn dành cho những tổ ấm muốn giữ nhịp sạch sẽ mỗi ngày, nơi những chu trình lặp đi lặp lại được thay thế bằng một guồng vận hành tự động gọn gàng. 🏡 Roborock tập trung vào những tính năng cốt lõi, chắt lọc công nghệ để phục vụ đúng nhu cầu thường nhật, đồng thời mang nhiều trải nghiệm vốn thường gắn với phân khúc cao hơn đến gần hơn với mức giá dễ tiếp cận: ✨ Lực hút HyperForce® 25.000Pa mạnh mẽ, xử lý gọn từ bụi mịn, rác vụn đến tóc rụng và lông thú ✨ Hệ thống chống rối toàn thân có chứng nhận, duy trì hiệu suất ổn định và giảm tối đa thao tác gỡ rối thủ công ✨ FlexiArm™ vươn sát mép, chăm kỹ đường viền và góc cạnh để mặt sàn sạch “đều tay” hơn ✨ Chổi cạnh đảo chiều tối ưu khả năng quét góc, tăng hiệu quả gom bụi sát tường và khe cạnh ✨ Tự để lại giẻ tại dock trước khi làm thảm, giữ thảm khô sạch và hạn chế bẩn chéo ✨ Khay giặt tự làm sạch thế hệ 2, giúp dock sạch lâu hơn theo thời gian và giảm công vệ sinh định kỳ ✨ Dock đa năng tự giặt và sấy sau mỗi chu trình, để robot luôn sẵn sàng cho lần chạy tiếp theo Nhà sạch ổn định, thao tác tối giản và bạn có thêm thời gian cho những điều thật sự quan trọng. #Roborock   #Qrevo2Pro #Robothutbui  #thietbithongminh ",199,1,0
2026-07-03,.hng0863,qrevo 2 pro,2026-06-28,https://www.tiktok.com/@.hng0863/video/7656446443787521301,"🏡✨ Ngoài việc tránh tiếp xúc trực tiếp với nước, robot hút bụi lau nhà Roborock Qrevo 2 Pro tự tin cân trọn hầu hết nhu cầu dọn dẹp trong nhà đấy! 🤖 Thế nên, bụi mịn, tóc rụng, lông thú, khe góc hay thảm trải sàn, cứ giao ""em"" xử lý. Chủ nhân ơi, hôm nay có nhiệm vụ đặc biệt nào dành cho Qrevo 2 Pro không? #Roborock #RoborockVietnam #OtechVietnam #Qrevo2Pro",221,3,0
2026-07-03,roborockthanhhoa,qrevo 2 pro,2026-07-02,https://www.tiktok.com/@roborockthanhhoa/video/7657867843886681365,Tập tành bắt trend thôi hihi #2pro #qrevo2pro #robothutbui #thanhhoa #roborockthanhhoa #viralvideotiktok #roborockvietnam #xuhuong #xuhuongtiktok #hutbui #hdpe #otechvietnam #haihuoc #congnghe #robot,11,3,0
2026-07-03,roborockthanhhoa,qrevo 2 pro,2026-07-01,https://www.tiktok.com/@roborockthanhhoa/video/7657400989816851732,Sếp bảo ra quay cho anh để chạy quảng cáo em nhé #roborockthanhhoa#viralvideotiktok #roborockvietnam #xuhuong #xuhuongtiktok #hutbui #hdpe #otechvietnam #haihuoc #congnghe #robot #thanhhoa #qrevo2pro #2pro,23,4,0
2026-07-03,thietbibepan,qrevo 2 pro,2026-06-24,https://www.tiktok.com/@thietbibepan/video/7654777555882347783,Roborock Qrevo 2 Pro mạnh mẽ hàng đầu phân khúc,185,5,0
2026-07-03,tn.robot76,qrevo 2 pro,2026-07-03,https://www.tiktok.com/@tn.robot76/video/7658134325891747090,Qrevo 2 Pro có gì hay nào? #Qrevovo2pro #roborock #robothutbui #robotbinhduong ,222,9,0
2026-07-03,mi360vn,qrevo 2 pro,2026-06-27,https://www.tiktok.com/@mi360vn/video/7655925378162117909,Đập hộp robot hút bụi Roborock Qrevo 2 Pro #roborock #congnghe ,716,5,1
2026-07-03,caothienphat.official,qrevo 2 pro,2026-06-08,https://www.tiktok.com/@caothienphat.official/video/7649013336180280584,ROBOROCK QREVO 2 PRO - Lực hút 25.000 Pa - Mới ra mắt cực hot 🔥 #CTP #caothienphat #xh #robothutbui #roborock ,358,7,2
2026-07-03,homecaredigital,qrevo 2 pro,2026-07-03,https://www.tiktok.com/@homecaredigital/video/7658203518636920081,"📷Bàn giao siêu phẩm mới cập bến Roborock Qrevo 2 Pro📷 Qrevo 2 Pro vừa được 𝐇𝐨𝐦𝐞𝐜𝐚𝐫𝐞 𝐃𝐢𝐠𝐢𝐭𝐚𝐥 bàn giao đến tay khách hàng đã lập tức chứng minh vị thế của một ""chiến thần"" dọn dẹp thực thụ.  Em này tự tin xóa nhòa ranh giới giữa phân khúc tầm trung và cao cấp khi sở hữu trọn vẹn những công nghệ làm sạch đỉnh cao nhất hiện nay. Mỗi góc nhỏ trong ngôi nhà bạn từ nay sẽ luôn bóng bẩy, mang lại trải nghiệm sống thảnh thơi trọn vẹn mà không cần tốn chút sức lực nào. 📷Ghé 𝐇𝐨𝐦𝐞𝐜𝐚𝐫𝐞 𝐃𝐢𝐠𝐢𝐭𝐚𝐥 để được tư vấn chi tiết và sở hữu chiếc robot hút bụi chân ái cho ngôi nhà của bạn! #Qrevo2Pro #Roborock #robothutbui #HomecareDigital #RoborockDaNang",9,0,0
2026-07-03,homecaredigital,qrevo 2 pro,2026-07-03,https://www.tiktok.com/@homecaredigital/video/7658200254692461825,HOMECARE DIGITAL - ROBOROCK QREVO 2 PRO Dưới 15🥔 thì đây là 1 lựa chọn hoàn toàn xứng đáng với số tiền quý khách hàng đầu tư cho ngồi nhà của mình Ghé ngay Homecare Digital để nhận tư vấn #Qrevo2Pro #Roborock #robothutbui #HomecareDigital #robothutbuilaunha,10,0,0
2026-07-03,longrobot_284,qrevo 2 pro,2026-07-03,https://www.tiktok.com/@longrobot_284/video/7658113771684121876,"Hot hơn cả thời tiết tháng 6 🔥 Roborock Qrevo 2 Pro đã chính thức mở bán và có sẵn tại Danke rồi đây! Cùng Long khám phá xem Robot phiên bản mới này có gì nâng cấp, có gì đáng tiền và vì sao lại đáng để lên đời nha 😙 #robothutbuilaunha #roborock #qrevo2pro #roborockqrevo2pro #robothutbui",161,2,0
2026-07-03,longrobot_284,qrevo 2 pro,2026-07-02,https://www.tiktok.com/@longrobot_284/video/7657747768101948693,Roborock Qrevo 2 Pro đã có mặt tại Đà Nẵng. Mọi người xem khả năng hút tóc và đảo chiều chổi của bạn ấy mượt thế nào nha! 😍 #robothutbui #roborock #qrevo2pro #reviewrobot #roborocktaidanang ,429,5,2
2026-07-03,roborock.krng.n,qrevo 2 pro,2026-07-03,https://www.tiktok.com/@roborock.krng.n/video/7658252093131738388,Loading 80% Roborock Krông Nô #roborock  #roborockvietnam  #krôngnô  #qrevo2pro ,860,62,9
2026-07-03,roborock.krng.n,qrevo 2 pro,2026-07-03,https://www.tiktok.com/@roborock.krng.n/video/7658137805968690452,Roborock Qrevo 2 Pro - Đặt hàng ngay để nhận bộ quà tặng 14 món phụ kiện robot Trải nghiệm sản phẩm trực tiếp tại showroom - trung tâm bảo hành Roborok Krông Nô - 30 Nguyễn Tất Thành - Krông Nô - Lâm Đồng hoặc liên hệ 0985.37.47.48 để tư vấn trực tiếp #qrevo2pro  #roborockvietnam  #roborock  #robothutbuilaunha ,578,16,4
2026-07-03,roborock.krng.n,qrevo 2 pro,2026-07-02,https://www.tiktok.com/@roborock.krng.n/video/7657911566200884501,"Đơn nhẹ mùng 2, 2 tầng, 2 em 2 Pro #qrevo2pro  #roborock  #roborockvietnam ",273,15,2
2026-07-03,mivietnam_chuyengiarobot,qrevo 2 pro,2026-06-30,https://www.tiktok.com/@mivietnam_chuyengiarobot/video/7657127217037659412,Robot Jutsu nhưng là Roborock Qrevo 2 Pro #transition #mivietnam #Robothutbui #Roborock #Qrevo2Pro,649,24,3
2026-07-03,mivietnam_chuyengiarobot,qrevo 2 pro,2026-06-26,https://www.tiktok.com/@mivietnam_chuyengiarobot/video/7655642248226360596,"Roborock Qrevo 2 Pro — giao tận nơi, lắp tận nhà, hướng dẫn dùng kỹ bởi #MiVietnam #chuyengiarobothutbui #robothutbui #roborock #Qrevo2Pro",1713,16,0
2026-07-03,mivietnam_chuyengiarobot,qrevo 2 pro,2026-06-23,https://www.tiktok.com/@mivietnam_chuyengiarobot/video/7654537293247663381,Giặt và Sấy khí nóng - Roborock Qrevo 2 Pro #mivietnam #chuyengiarobothutbui #Roborock #Qrevo2Pro #Qrevo2,292,6,0
2026-07-03,mivietnam_chuyengiarobot,qrevo 2 pro,2026-06-18,https://www.tiktok.com/@mivietnam_chuyengiarobot/video/7652678926065470741,Có cải tiến mới Roborock Qrevo 2 Pro #mivietnam #roborock #qrevo2pro #robothutbui ,521,7,0
2026-07-03,mivietnam_chuyengiarobot,qrevo 2 pro,2026-06-17,https://www.tiktok.com/@mivietnam_chuyengiarobot/video/7652320691718458645,"Có thể là đại náo hang ổ ""yêu tinh bụi bẩn"" đang ẩn nấp luôn #mivietnam #roborock #qrevo2pro #robothutbui Roborock Qrevo 2 Pro",757,10,0
2026-07-03,mivietnam_chuyengiarobot,qrevo 2 pro,2026-06-16,https://www.tiktok.com/@mivietnam_chuyengiarobot/video/7651946126672891157,Lao Công 4.0 khắc nghiệt lắm - Công Nghệ Tự Bảo Vệ của Roborock Qrevo 2 Pro #mivietnam #RobotHutBui #Roborock #qrevo2pro ,613,12,0
2026-07-03,mivietnam_chuyengiarobot,qrevo 2 pro,2026-06-15,https://www.tiktok.com/@mivietnam_chuyengiarobot/video/7651569549661244692,Vì Sao nói Thiết Kế Roborock Qrevo 2 Pro là 1 thiết kế thân thiện với trẻ em #mivietnam #Robothutbui #Roborock #Qrevo2Pro #Qrevo,593,10,0
2026-07-03,mivietnam_chuyengiarobot,qrevo 2 pro,2026-06-13,https://www.tiktok.com/@mivietnam_chuyengiarobot/video/7650832972261625109,😱HIỂU LẦM PHỔ BIẾN nhất là lông và bụi trong nhà rồi sẽ hết! HIỆN TƯỢNG resuspension từ các kết quả nghiên cứu nói điều ngược lại. Chúng vẫn có thể trong nhà bạn suốt nhiều năm và gây ra dị ứng. #mivietnam #Robothutbui #Roborock #Qrevo2Pro #Qrevo,481,6,0
2026-07-03,mivietnam_chuyengiarobot,qrevo 2 pro,2026-06-12,https://www.tiktok.com/@mivietnam_chuyengiarobot/video/7650455428572269845,G.i.á mở bán ở cuối video - Unboxing Roborock Qrevo 2 Pro #mivietnam #roborock #Qrevo2Pro #Qrevo2 #robothutbui,1599,24,1
2026-07-03,thurobot88,qrevo 2 pro,2026-07-03,https://www.tiktok.com/@thurobot88/video/7658207738299911444,#Qrevo2Pro #Roborock #robothutbui,102,3,0
2026-07-03,thurobot88,qrevo 2 pro,2026-07-03,https://www.tiktok.com/@thurobot88/video/7658195665855581461,#Qrevo2Pro #Roborock #robothutbui,177,6,0
2026-07-03,thurobot88,qrevo 2 pro,2026-07-03,https://www.tiktok.com/@thurobot88/video/7658189099890691348,Quan điểm của mình -  bệ giặt thì cứ phải tháo rời ra như nảy thỉ mới tiện lợi - sạch sẽ - tránh tình trạng đọng bùn đất gây mùi hôi.  Và quan trọng không phải cúi mỏi lưng khi cần chà rửa. 🤭 #Qrevo2Pro #Roborock #robothutbui,191,2,0
2026-07-03,thurobot88,qrevo 2 pro,2026-07-03,https://www.tiktok.com/@thurobot88/video/7658154742178172180,#Qrevo2Pro #Roborock #robothutbui,353,5,0
2026-07-03,thurobot88,qrevo 2 pro,2026-07-03,https://www.tiktok.com/@thurobot88/video/7658154234961022229,#Qrevo2Pro #Roborock #robothutbui Hàng sẵn giao ngay lại ____________ ROBOROCK STORE BUÔN MA THUỘT 🏠 Số 29 Trần Phú - Phường Buôn Ma Thuột - Tỉnh Đăk Lăk. ☎️ 0964.642.842 - 097.664.9388,156,4,0
2026-07-03,thurobot88,qrevo 2 pro,2026-07-03,https://www.tiktok.com/@thurobot88/video/7658151203901017365,Khay giặt giẻ của Qrevo2 Pro có gì mới? #Qrevo2Pro #Roborock #robothutbui,161,7,0
2026-07-03,thurobot88,qrevo 2 pro,2026-07-03,https://www.tiktok.com/@thurobot88/video/7658140246072151317,Thiết kế mới nhất đến từ Roborock - Một sản phẩm tầm trung nhưng thiết kế sang trọng - tinh tế. #Qrevo2Pro #Roborock #robothutbui,148,4,0
2026-07-03,hiephong.techhome,qrevo 2 pro,2026-07-03,https://www.tiktok.com/@hiephong.techhome/video/7658197367258107157,Siêu phẩm hothit Roborook Qrevo 2pro. #qrevo2pro #roborockvietnam #hiẹphongtechhome,193200,555,5
2026-07-03,quyrobot,qrevo 2 pro,2026-07-03,https://www.tiktok.com/@quyrobot/video/7658156896423005448,Chạy quảng cáo mới ra đơn Qrevo 2 pro 2026 #quyrobot #Roborock #qrevo2pro #robothutbui ,942,36,26
2026-07-03,quyrobot,qrevo 2 pro,2026-06-27,https://www.tiktok.com/@quyrobot/video/7656129494654242055,Test thực tế mẫu qrevo 2 pro mới rămys cho ace thẩm nhaz #quyrobot #robotvinhphuc #roborock #qrevo2pro ,309,2,0
2026-07-03,quyrobot,qrevo 2 pro,2026-06-19,https://www.tiktok.com/@quyrobot/video/7653049987999288584,Về thêm mã mới qrevo 2 pro 2026 #quyrobot #robotvinhphuc #xuhuong #qrevo2pro #roborock ,245,1,0
2026-07-03,phanthulan715,qrevo 2 pro,2026-07-03,https://www.tiktok.com/@phanthulan715/video/7658161844275727637,Siêu phẩm tầm trung lực hút cực khủng mang tên Qrevo 2 Pro  #Qrevo2Pro #roborock #robothutbui #smarthomephutho #NhaThongMinh ,126,5,0
2026-07-03,phanthulan715,qrevo 2 pro,2026-07-03,https://www.tiktok.com/@phanthulan715/video/7658148191795219733,Chiến thần tầm trung mang tên Qrevo 2 pro #Qrevo2Pro #roborock #robothutbui #NhaThongMinh #smarthomephutho ,107,7,0
2026-07-03,phanthulan715,qrevo 2 pro,2026-06-25,https://www.tiktok.com/@phanthulan715/video/7655153343039327509,Ship roborock qrevo 2 pro cho khách yêu,439,6,0
2026-07-03,nc.nh.qu.robot,qrevo 2 pro,2026-07-03,https://www.tiktok.com/@nc.nh.qu.robot/video/7658156925552430357,"Nhiều bác bảo chạy quảng cáo mới ra đơn, nay em chạy rồi các bác mua hàng cho em đi ạ #Qrevo2pro #roborock #robothutbui #xuhuongtiktok #quyrobot ",313,50,61
2026-07-03,.hng0863,qrevo 2 pro,2026-07-03,https://www.tiktok.com/@.hng0863/video/7658265731871640853,"QREVO 2 PRO – CHỌN CÔNG NGHỆ VƯỢT TẦM GIÁ, VIỆC CHĂM NHÀ ĐƯỢC GIAO PHÓ THEO CÁCH THẬT DỄ CHỊU #Roborock #Qrevo2Pro #Robothutbui #thietbithongminh ",133,4,1
2026-07-03,3t.smart.robot.tn,qrevo 2 pro,2026-07-03,https://www.tiktok.com/@3t.smart.robot.tn/video/7658269192784841992,Đón chờ siêu phẩm mới đến từ nhà Roborock #robothutbui #qrevo2pro #robothutbuithainguyen  #3tsmart ,437,9,1
2026-07-03,giangchismarthome,qrevo 2 pro,2026-06-16,https://www.tiktok.com/@giangchismarthome/video/7652017265977609492,Vuột mất đơn hàng 30tr vì..... #robothutbui  #smarthome  #giangchismarthome  #roborockqrevo2pro ,176,3,0
2026-07-03,giangchismarthome,qrevo 2 pro,2026-06-13,https://www.tiktok.com/@giangchismarthome/video/7650891577631673621,#robothutbui  #roborock  #qrevo2pro #giangchismarthome #smarthome ,189,4,2
2026-07-04,tigerbot.smarthome,qrevo 2 pro,2026-07-03,https://www.tiktok.com/@tigerbot.smarthome/video/7658305792403066133,"TigerBot Smart Home 121F Nguyễn Huệ,  phường Long Châu, Vĩnh Long #robothutbui #roborock #qrevo2pro #Vinhlong#Dongthap",139,5,1
2026-07-04,minhchautestthat,qrevo 2 pro,2026-07-04,https://www.tiktok.com/@minhchautestthat/video/7658491250005265685,Test 012: Khả năng tránh vật cản của Ecovacs T30C vs Roborock Qrevo 2 Pro  2 mã phân khúc 12-13tr ace cần test gì comment xuống dưới nhé  #minhchautestthat #ecovacs #T30C #Roborock #Qrevo2pro,87800,316,90
2026-07-04,3t.smart.robot.tn,qrevo 2 pro,2026-07-03,https://www.tiktok.com/@3t.smart.robot.tn/video/7658295947495017736,"⚡ Không chỉ mạnh mẽ, Qrevo 2 Pro còn được tạo ra để chăm sóc ngôi nhà của bạn một cách toàn diện hơn. ✨ Lực hút HyperForce® 25.000Pa mạnh mẽ ✨ Chổi cạnh đảo chiều thế hệ mới quét sâu vào góc hơn ✨ FlexiArm™ vươn sát mép tường, giảm tối đa khu vực bỏ sót ✨ Hệ thống chống rối toàn thân đạt chứng nhận SGS ✨ Tự động tháo giẻ trước khi làm sạch thảm ✨ Dock đa năng tự giặt, tự sấy, tự làm sạch #Qrevo2Pro 👉 Inbox ngay để được tư vấn chi tiết & giữ giá tốt ạ ✨ _______________________________ Hotline: 0365319688 Địa chỉ: 272-Phan Đình Phùng, tỉnh Thái Nguyên #3Tsmartthainguyen #Roborock #Robothutbui",484,2,0
2026-07-04,tn.robot76,qrevo 2 pro,2026-07-03,https://www.tiktok.com/@tn.robot76/video/7658295776187141384,"🌸🎉𝐂𝐡𝐚̀𝐨 𝐓𝐡𝐚́𝐧𝐠 𝟕, 𝐜𝐡𝐚̀𝐨 𝐦𝐨𝐝𝐞𝐥 𝐦𝐨̛́𝐢 𝐧𝐡𝐚̂́𝐭 𝐭𝐢𝐧𝐡 𝐜𝐮̉𝐚 𝐑𝐨𝐛𝐨𝐫𝐨𝐜𝐤 𝐠𝐨̣𝐢 𝐭𝐞̂𝐧 𝐐 𝐑𝐞𝐯𝐨 𝟐 𝐏𝐫𝐨. 💰Giá ưu đãi sản phẩm mới ra mắt từ 17,990,000 chỉ còn 13,490,000 đồng. Sẳn hàng giao ngay 🎁Và đếm quà mỏi tay khi mua ẻm nhé🎁 IB: biết quà👇🏽 📞Zalo.me/0943738613  Bảo Anh Robot Bình Dương 🏦Địa chỉ 1 Showroom: 690 đại lộ Bình Dương, P. phú Lợi, TPHCM (ĐC cũ: 690 đại lộ Bình Dương  P.Hiệp Thành, TP.TDM Tỉnh Bình Dương) #QRevo2Pro #nhachaymoingay #Robotbinhduon#Robotbinhduongtbinhduong #hottren",134,1,0
2026-07-04,phanthulan715,qrevo 2 pro,2026-07-04,https://www.tiktok.com/@phanthulan715/video/7658513589283687701,Các lí do nên chọn roborock qrevo 2 pro bạn đã biết chưa? #Qrevo2Pro #roborock #robothutbui #smarthomephutho ,243,1,0
2026-07-04,thurobot88,qrevo 2 pro,2026-07-04,https://www.tiktok.com/@thurobot88/video/7658620169039662356,Lên kệ  #Qrevo2Pro #Roborock #robothutbui,179,4,0
2026-07-04,phanthulan715,qrevo 2 pro,2026-07-04,https://www.tiktok.com/@phanthulan715/video/7658597084202929429,Các lý do mà qrevo 2 pro luôn được chọn làm robot hút bụi lau nhà #qrevo2pro #roborock #robothutbui ,189,5,0
2026-07-04,nc.nh.qu.robot,qrevo 2 pro,2026-07-04,https://www.tiktok.com/@nc.nh.qu.robot/video/7658527650561953044,#CapCut mời quý vị #Qrevo2pro #robothutbui #nghiennha #quyrobot ,143,4,3
2026-07-04,nc.nh.qu.robot,qrevo 2 pro,2026-07-04,https://www.tiktok.com/@nc.nh.qu.robot/video/7658525176748920085,"Siêu sạh cỡ này, không mua em nó hơi phí ạ. #Qrevo2pro #roborock #robothutbui #nghiennha #quyrobot ",177,4,3
2026-07-04,nc.nh.qu.robot,qrevo 2 pro,2026-07-04,https://www.tiktok.com/@nc.nh.qu.robot/video/7658522932011994388,Mời quý vị đập hộp mã mới nhất với giá thành cực kì hợp lý nhà #roborock #Qrevo2pro #robothutbui #nghiennha #quyrobot ,163,6,4
2026-07-05,minhchautestthat,qrevo 2 pro,2026-07-04,https://www.tiktok.com/@minhchautestthat/video/7658646371309800725,Test 012: Robot hút bụi lau nhà có hút được tóc không ? Trên đây là mình test với Roborock 2 pro - bản có đổ rác tự động và chổi cuốn chống mắc tóc nhé anh em. #minhchautestthat #roborock #qrevo2pro #robothutbuibacgiang #minhchausmarthome ,2361,17,7
2026-07-05,.hng0863,qrevo 2 pro,2026-07-04,https://www.tiktok.com/@.hng0863/video/7658677422375701781,"Roborock Qrevo 2 Pro xuất hiện như một lựa chọn dành cho những tổ ấm muốn giữ nhịp sạch sẽ mỗi ngày, nơi những chu trình lặp đi lặp lại được thay thế bằng một guồng vận hành tự động gọn gàng. #Roborock  #Qrevo2Pro  #Robothutbui  #thietbithongminh ",134,3,1
2026-07-05,roborockthanhhoa,qrevo 2 pro,2026-07-05,https://www.tiktok.com/@roborockthanhhoa/video/7658844696172596501,Sao cái gì anh này cũng biết hết ấy nhỉ #2pro #qrevo2pro #robothutbui #thanhhoa #roborockthanhhoa #viralvideotiktok #roborockvietnam #xuhuong #xuhuongtiktok #hutbui #hdpe #otechvietnam #haihuoc #congnghe #robot #trendinghai,9,2,0
2026-07-05,tm.anh.kitchen.qu,qrevo 2 pro,2026-07-04,https://www.tiktok.com/@tm.anh.kitchen.qu/video/7658649213441445128,Robot Roborock Qrevo 2 Pro mẫu mới nhất đã có sẵn hàng trưng bày tại Tâm Anh để khách Quảng Trị trải nghiệm trước rồi ạaa 🫶🏻 #Roborock #RoborockVietnam #qrevo2pro #robothutbui #bepquangtri ,319,8,0
2026-07-05,thurobot88,qrevo 2 pro,2026-07-04,https://www.tiktok.com/@thurobot88/video/7658647679970331925,#Qrevo2Pro #Roborock #robothutbui,250,5,0
2026-07-05,phanthulan715,qrevo 2 pro,2026-07-05,https://www.tiktok.com/@phanthulan715/video/7658883600783297812,Dẫn đầu tính năng chinh phục tầm giá nhanh tay rinh em nó về ạ #roborock #Qrevo2Pro #robothutbui #smarthomephutho #nhathongminh ,205,4,0
2026-07-05,phanthulan715,qrevo 2 pro,2026-07-04,https://www.tiktok.com/@phanthulan715/video/7658643446319615253,Done em Qrevo 2Pro cho khách yêu #qrevo2pro #roborock #robothutbui #smarthomephutho #nhathongminh ,124,9,0
2026-07-05,giangchismarthome,qrevo 2 pro,2026-07-05,https://www.tiktok.com/@giangchismarthome/video/7658857183358045460,Seri  #ROBOROCK P1: Vệ sinh màng lọc hepa #giangchirobot #roborock #qrevo2pro ,168,1,2
2026-07-05,thuyduonggiadung,qrevo 2 pro,2026-07-05,https://www.tiktok.com/@thuyduonggiadung/video/7658974968251682056,#GiaDungThuyDuong #Roborock #robothutbui #Qrevo2Pro #viralvideo ,232,8,0
2026-07-05,homecaredigital,qrevo 2 pro,2026-07-05,https://www.tiktok.com/@homecaredigital/video/7658888698414632210,"Thiết kế ấn tượng, chống rối tóc tốt nhất phân khúc Ghé ngay Homecare Digital trải nghiệm sản phẩm #Qrevo2Pro #roborock #robothutbui #homecaredigital",137,0,0
2026-07-05,homecaredigital,qrevo 2 pro,2026-07-05,https://www.tiktok.com/@homecaredigital/video/7658888346411863304,Đỉnh cao công nghệ trong phân khúc tầm trung - Qrevo 2 Pro #RobotHutBui #Qrevo2Pro #roborock #homecaredigital,125,1,0
2026-07-05,phanthulan715,qrevo 2 pro,2026-07-05,https://www.tiktok.com/@phanthulan715/video/7658925782911274260,Lái la! Lái la! Roborock qrevo 2pro lái la #roborock #Qrevo2Pro #robothutbui #smarthomephutho ,160,10,0
2026-07-05,phanthulan715,qrevo 2 pro,2026-07-05,https://www.tiktok.com/@phanthulan715/video/7658894927589281045,Rì view qrevo 2 pro xử lý hút bụt và các loại hạt #roborock #Qrevo2Pro #robothutbui #smarthomephutho #nhathongminh ,185,3,0
2026-07-05,momimart.vn,qrevo 2 pro,2026-07-05,https://www.tiktok.com/@momimart.vn/video/7658946352088468757,Hành trình 10 năm gắn bó với nghề kinh doanh Robot - hút bụi lau nhà.#roborock #robothutbui #roborockqrevo2pro #ReviewCongNghe #xuhuongtiktok ,368,6,0
2026-07-05,momimart.vn,qrevo 2 pro,2026-07-05,https://www.tiktok.com/@momimart.vn/video/7658941463937551637,"""Trùm cuối"" robot hút bụi 2026 gọi tên Roborock Qrevo 2 Pro! 😎 🔥 Lực hút ""quái vật"" 25.000Pa - Chấp mọi loại bụi mịn, thảm dày. ❌ Chống rối tóc 100% - Không lo kẹt chổi, giải phóng đôi tay! 💦 Giặt giẻ nước nóng, sấy khô khép kín, sạch bóng không mùi hôi. 👉 Đầu tư một lần, rảnh tay cả năm. Chốt ngay dưới giỏ hàng! 👇 #roborock #roborockqrevo2pro #robothutbui #ReviewCongNghe #xuhuongtiktok ",334,4,4
2026-07-05,momimart.vn,qrevo 2 pro,2026-07-04,https://www.tiktok.com/@momimart.vn/video/7658484781868469524,"Lực hút 25.000 Pa siêu mạnh, Roborock Qrevo 2 Pro chính thức ""vô địch"" phân khúc! 🤯 ❌ Chổi DuoDivide chia đôi: Hút tóc và lông thú tuồn tuột, KHÔNG lo quấn rối. can góc tường: Giẻ lau FlexiArm chủ động xòe sát mép 1.85mm. 🚿 Dock sạc tối tân: Tự đổ bụi, tự giặt giẻ nước nóng 100°C khử khuẩn đỉnh cao. Đầu tư một lần, rảnh tay cả năm ae ơi! 👇 #Roborock #Qrevo2Pro #robothutbui #giadungthongminh #smarthome",298,3,1
2026-07-05,momimart.vn,qrevo 2 pro,2026-07-04,https://www.tiktok.com/@momimart.vn/video/7658480835129101588,"Quên việc gỡ tóc trên robot hút bụi đi! 🤫 Roborock Qrevo 2 Pro chính thức ""out trình"" với: 🔥 Lực hút 25.000 Pa – Vô địch thiên hạ hiện tại! ❌ Chổi DuoDivide – Thách thức mọi loại lông tóc, cam kết KHÔNG RỐI. can góc tường – Giẻ lau xòe ra sát rạt 1.85mm. 🚿 Giặt giẻ nước nóng 100°C – Sạch khuẩn, không mùi ẩm mốc. Thân máy siêu mỏng chui gầm cực đỉnh. Gom lúa chốt đơn em này thôi ae ơi! 👇 #Roborock #Qrevo2Pro #RoborockQrevoCurv #robothutbui #giadungthongminh ",379,6,2
2026-07-05,momimart.vn,qrevo 2 pro,2026-07-03,https://www.tiktok.com/@momimart.vn/video/7658253200633515285,Qrevo 2 Pro#RoborockF25Ultra #qrevo2pro ,367,2,1
2026-07-05,.hng0863,qrevo 2 pro,2026-07-05,https://www.tiktok.com/@.hng0863/video/7658998617058921749,"Nhà sạch ổn định, thao tác tối giản và bạn có thêm thời gian cho những điều thật sự quan trọng. #Roborock #Qrevo2Pro  #Robothutbui #thietbithongminh ",131,3,0
2026-07-05,homecaredigital,qrevo 2 pro,2026-07-05,https://www.tiktok.com/@homecaredigital/video/7658986995707825416,"Ba mê robot hút bụi, con gái cũng mê luôn 😂 Nhà hôm nay có đồ chơi mới cho hai ba con, ba thì nằm dài trên sofa, tay cầm điện thoại mà mắt dõi theo cái Roborock Qrevo 2 Pro chạy vòng vòng dưới sàn. Kiểu như… đang “giám sát công việc” vậy đó 😄 Còn cô nhóc thì khác không ngồi yên được, lại gần cái dock sạc ngồi xuống ngắm nghía, tay rờ rờ như đang khám phá món đồ chơi mới. Nhìn cưng muốn xỉu! Hai ba con nhà người ta mà chung một “gu” đều mê Roborock như nhau, chỉ khác cái là ba thì thích vì… khỏi tự lau nhà 😆 còn con thì thích vì nó tròn tròn đen bóng trông hay ho quá! Cảm ơn gia đình đã tin tưởng gửi gắm việc mệt mỏi khi dọn nhà cho 𝐇𝐨𝐦𝐞𝐜𝐚𝐫𝐞 𝐃𝐢𝐠𝐢𝐭𝐚𝐥 nha. Chúc ba tiếp tục được “nghỉ ngơi có trách nhiệm” và chúc bé tiếp tục xinh yêu như vậy 🥰 #Qrevo2Pro #roborock #robothutbui #homecaredigital",143,1,0
2026-07-05,momimart.vn,qrevo 2 pro,2026-07-05,https://www.tiktok.com/@momimart.vn/video/7658993474330529044,"🔥 Siêu phẩm Roborock Qrevo 2 Pro: Lực hút khủng 25.000Pa, giẻ lau vươn sát góc tường FlexiArm™ và chổi chống rối 100%. Sạch mọi ngóc ngách, rảnh tay tuyệt đối! 🚀 Chốt ngay!#roborock #roborockqrevo2pro #robothutbui #ReviewCongNghe ",198,4,0
2026-07-05,minhchautestthat,qrevo 2 pro,2026-07-05,https://www.tiktok.com/@minhchautestthat/video/7659030978978925844,"Test #013 Robot hút bụi lau nhà Roborock Qrevo 2 Pro có tránh được dây điện, dây sạc nhỏ không? Ae cần test gì cmt xuống nhé, mình tập trung các dòng Robot phổ thông, chủ lực của các hãng #minhchautestthat #Roborock #qrevo2pro #robotlaunhabacgiang ",11000,39,23
2026-07-05,mi360vn,qrevo 2 pro,2026-07-05,https://www.tiktok.com/@mi360vn/video/7659062087011814676,Trải nghiệm Robot hút bụi Roborock Qrevo 2 Pro #Qrevo2Pro #Roborock #Robothutbui,4905,584,29
2026-07-05,homecaredigital,qrevo 2 pro,2026-07-05,https://www.tiktok.com/@homecaredigital/video/7659056947827576072,Robot màu trắng thì nhìn sang nhất đúng không cả nhà nhỉ😋😋 Mọi người cho Homecare biết mình thích màu gì nhé❤️❤️ #roborock #Qrevo2Pro #robothutbui #homecaredigital ,149,2,0
2026-07-05,homecaredigital,qrevo 2 pro,2026-07-05,https://www.tiktok.com/@homecaredigital/video/7659047138990591250,Có gì bên trong siêu phẩm tầm trung giữa năn 2026🤔🤔 Homecare giới thiệu qua cho quý khách hàng tính năng chính của Qrevo 2 Pro mẫu robot hút bụi mới ra đến từ nhà Roborock #homecaredigital #robothutbui #Qrevo2Pro #roborock ,158,0,0
2026-07-05,homecaredigital,qrevo 2 pro,2026-07-05,https://www.tiktok.com/@homecaredigital/video/7659045735215795474,Viên ngọc trai đen hạ cánh đầu tiên tại Đà Nẵng cho anh chị chủ yêu công nghệ🌍 Cảm ơn anh chị đã luôn tin chọn Homecare Digital #roborock #Qrevo2Pro #robothutbui #homecaredigital ,135,1,0
2026-07-05,homecaredigital,qrevo 2 pro,2026-07-05,https://www.tiktok.com/@homecaredigital/video/7659044120563879175,Những đơn hàng Qrevo 2 Pro đã được Homecare giao tận nhà khách hàng🥳🥳 Ghé ngay trải nghiếm sản phẩm hot giữa năm 2026 nào❤️ #RobotHutBui #homecaredigital #robothutbui #Qrevo2Pro #roborock ,143,2,0
2026-07-05,homecaredigital,qrevo 2 pro,2026-07-05,https://www.tiktok.com/@homecaredigital/video/7659043835024100615,Robot tự động tháo giẻ lau mọi người tin được không - ROBOROCK QREVO 2 PRO đã làm được điều đấy❤️ Ghé ngay Homecare trải nghiệm sản phẩm #Qrevo2Pro #roborock #robothutbui #homecaredigital #RobotHutBui ,131,1,0
2026-07-05,homecaredigital,qrevo 2 pro,2026-07-05,https://www.tiktok.com/@homecaredigital/video/7659043465900068114,Một sản phẩm mới ra đến từ nhà Roborock - đến Homecare ngay để trải nghiệm #homecaredigital #robothutbui #roborock #Qrevo2Pro ,145,2,0
2026-07-06,minhchautestthat,qrevo 2 pro,2026-07-06,https://www.tiktok.com/@minhchautestthat/video/7659265956476210453,#Test014 Khả năng làm sạch và né vật cản Dreame L10S ultra gen2 vs Roborock Qrevo 2 pro - phân khúc 13tr Ae cần test thêm gì cmt xuống nhé  #minhchautestthat #robotlaunhabacgiang #qrevo2pro #l10sultragen2 ,499200,3323,524
2026-07-06,anhlinhgroup_73,qrevo 2 pro,2026-07-06,https://www.tiktok.com/@anhlinhgroup_73/video/7659258683691519253,em Qrevo2 pro mới về tới cả nhà ơi… #anhlinhgroup #qrevo2pro #Roborock #robothutbui #xuhuong ,165,8,1
2026-07-06,thurobot88,qrevo 2 pro,2026-07-06,https://www.tiktok.com/@thurobot88/video/7659270185303477524,Vệ sinh #Roborock #Qrevo2Pro với 6 bước đơn giản. 😘 #Robothutbui #robothutbuilaunha ,215,6,2
2026-07-06,thurobot88,qrevo 2 pro,2026-07-06,https://www.tiktok.com/@thurobot88/video/7659257060391128340,Những chiếc #Roborock #Qrevo2Pro đầu tiên đã được giao tới khách hàng tại Buôn Ma Thuột #Robothutbui #robothutbuilaunha ,171,3,0
2026-07-06,momimart.vn,qrevo 2 pro,2026-07-06,https://www.tiktok.com/@momimart.vn/video/7659276162761379092,"Roborock Qrevo 2 Pro (hay còn gọi là Qrevo Curv 2 Pro) là dòng robot hút bụi lau nhà cao cấp với các điểm cốt lõi:  Hiệu năng cực đỉnh: Lực hút kỷ lục 25.000 Pa kết hợp chổi chính chống rối toàn diện, xử lý triệt để tóc và lông thú cưng.  Lau sạch sát mép: Trang bị giẻ lau mở rộng FlexiArm giúp làm sạch sát tường và góc khuất (khoảng cách chỉ 1,85mm).  Thiết kế siêu mỏng & Linh hoạt: Thân máy dày chỉ 7,98cm nhờ cảm biến LiDAR có thể nâng hạ tự động, đi kèm khung gầm nâng hạ thông minh giúp vượt chướng ngại vật cao đến 4cm.#RobotHutBui #Roborock #Qrevo2Pro #Momimart ",636,8,1
2026-07-06,momimart.vn,qrevo 2 pro,2026-07-06,https://www.tiktok.com/@momimart.vn/video/7659271722343959829,"Roborock Qrevo 2 Pro là dòng robot hút bụi lau nhà cao cấp sở hữu lực hút HyperForce kỷ lục lên đến 25.000Pa giúp đánh bay mọi bụi mịn và rác vụn. Thiết bị được trang bị hệ thống chổi chính DuoDivide và chổi cạnh dạng vòm, đạt chứng nhận chống rối tóc 100% từ SGS. Điểm nhấn ấn tượng là công nghệ giẻ lau mở rộng FlexiArm™ cùng chổi cạnh đảo chiều thông minh, giúp làm sạch sát mép tường và các góc khuất một cách triệt để. Hệ thống lau xoay kép với tốc độ 200 vòng/phút kết hợp tính năng tự động nâng giẻ 12mm khi gặp thảm, ngăn ngừa tối đa tình trạng làm ướt thảm. Đi kèm là trạm sạc đa năng tự động đổ bụi, giặt giẻ bằng khí nóng và sấy khô 45°C, mang lại trải nghiệm dọn dẹp hoàn toàn rảnh tay lên đến 65 ngày.#RobotHutBui #Roborock #Qrevo2Pro ",381,9,0
2026-07-06,momimart.vn,qrevo 2 pro,2026-07-06,https://www.tiktok.com/@momimart.vn/video/7659264913512090901,"Roborock F25 Ultra là máy hút bụi lau nhà khô ướt cầm tay cao cấp với 3 điểm cốt lõi:  Lau hơi nước nóng 180°C: Đun nước nóng trực tiếp để đánh tan vết dầu mỡ, mảng bám khô cứng và diệt khuẩn sàn nhà. Lực hút mạnh 22.000 Pa.  Gập phẳng 180° & Trợ lực AI: Thân máy luồn lách sâu vào gầm tủ/giường (chỉ dày 12.5 cm). Bánh xe tự động đẩy/kéo theo lực tay giúp di chuyển nhẹ nhàng.  Dock sấy khô 5 phút: Tự động giặt con lăn bằng nước nóng và sấy khô siêu tốc bằng khí nóng 95°C trong 5 phút, triệt tiêu hoàn toàn mùi hôi và vi khuẩn.#RobotHutBui #Momimart #Roborock #Qrevo2Pro #f25ultra ",212,4,1
2026-07-06,momimart.vn,qrevo 2 pro,2026-07-06,https://www.tiktok.com/@momimart.vn/video/7659254210474560788,"Quá mệt mỏi với cảnh gỡ tóc quấn robot? Đã có Roborock Qrevo 2 Pro ""xử đẹp"" từ tóc rụng đến bụi mịn! 🤯✨ Chống rối 100%, lực hút 25.000 Pa cao nhất thế giới! Xem ngay👇 #Roborock #Qrevo2Pro #Momimart #GiaDungThongMinh #RobotHutBui ",210,4,3
2026-07-06,saigonbephcm,qrevo 2 pro,2026-06-26,https://www.tiktok.com/@saigonbephcm/video/7655526360101686545,"Ngày 7/7/2026 tới đây thì nhà Roborock sẽ cho ra mắt robot hút bụi mới với model mới có tên là Roborock Qrevo 2 Pro với nhiều quà tặng hấp dẫn thêm với đó là giá rất ưu đãi, anh chị nhanh tay chốt lẹ để nhận giá khuyến mãi nhé ❤️ #saigonbep #robothutbui #roborock #roborockqrevo2pro #khuyenmai",1777,15,10
2026-07-06,saigonbephcm,qrevo 2 pro,2026-06-24,https://www.tiktok.com/@saigonbephcm/video/7654813200650751240,"Một chiếc robot có thể tự giặt giẻ, tự đổ rác, tự tháo giẻ khi hút thảm và lau sát từng mép tường liệu có đáng tiền? 🤔 Cùng Sài Gòn Bếp review Roborock Qrevo 2 Pro để xem vì sao đây đang là một trong những robot hút bụi đáng chú ý nhất hiện nay! ✨ #saigonbep #robothutbui #roborock #roborockqrevo2pro #review",1865,20,5
2026-07-07,kimanh_1202,qrevo 2 pro,2026-07-06,https://www.tiktok.com/@kimanh_1202/video/7659380198932008212,"Gái nghệ ""Thành Vinh"" Gây thương gây nhớ bán robot 😃anh đừng loanh quanh chốt roborock qrevo 2 pro một phát đi anh👏👏👏#Roborock ##Qrevo2Pro ##capcut #ahastore ##tiktok ",165,25,3
2026-07-07,tigerbot.smarthome,qrevo 2 pro,2026-07-06,https://www.tiktok.com/@tigerbot.smarthome/video/7659393947168558357,7/7 đã đến rồi Đến ngay TIGERBOT SMART HOME để tậu robot hút bụi  #qrevo2pro #roborock #robothutbui ,180,5,0
2026-07-07,.hng0863,qrevo 2 pro,2026-07-06,https://www.tiktok.com/@.hng0863/video/7659296694642756885,Robot hút bụi ngày càng xuất hiện nhiều trong các gia đình hiện đại. Và Roborock Qrevo 2 Pro là một lựa chọn rất đáng để tham khảo lúc này. #Roborock #Qrevo2Pro #Robothutbui #thietbithongminh ,148,4,1
2026-07-07,thietbibepan,qrevo 2 pro,2026-07-06,https://www.tiktok.com/@thietbibepan/video/7659366405183245575,Roborock Qrevo2 Pro phiên bản trắng #qrevo2pro #Roborock #robothutbui ,58,4,0
2026-07-07,thietbibepan,qrevo 2 pro,2026-07-06,https://www.tiktok.com/@thietbibepan/video/7659333557625703698,Khám phá từng chi tiết Qrevo2 pro #qrevo2pro #Roborock #robothutbui ,153,1,0
2026-07-07,thietbibepan,qrevo 2 pro,2026-07-06,https://www.tiktok.com/@thietbibepan/video/7659326205505654024,Qrevo2 Pro trắng Ngọc Trinh #qrevo2pro #Roborock #robothutbui ,159,3,0
2026-07-07,thietbibepan,qrevo 2 pro,2026-07-06,https://www.tiktok.com/@thietbibepan/video/7659293157355474184,Qrevo2 pro dẫn đầu phân khúc #qrevo2pro #Roborock #robothutbui ,134,2,0
2026-07-07,thietbibepan,qrevo 2 pro,2026-07-06,https://www.tiktok.com/@thietbibepan/video/7659291275266379015,Qrevo2 pro cần mẫn và tỷ mỹ #qrevo2pro #Roborock #robothutbui ,170,3,0
2026-07-07,thietbibepan,qrevo 2 pro,2026-07-06,https://www.tiktok.com/@thietbibepan/video/7659289222553111826,Phẩu thuật Qrevo2 pro mới nhất #qrevo2pro #Roborock #robothutbui ,155,1,0
2026-07-07,thietbibepan,qrevo 2 pro,2026-07-06,https://www.tiktok.com/@thietbibepan/video/7659286717026913544,Sở hữu #qrevo2proQrevo2 Pro mạnh mẽ nhất phân khúc chỉ với hơn 13tr#Roborock #Robothutbui,194,3,2
2026-07-07,thietbibepan,qrevo 2 pro,2026-07-06,https://www.tiktok.com/@thietbibepan/video/7659283909045226760,"Qrevo 2 pro thiết kế đẹp mắt, lực hút mạnh mẽ #qrevo2pro #Roborock #robothutbui ",156,3,0
2026-07-07,thietbibepan,qrevo 2 pro,2026-07-06,https://www.tiktok.com/@thietbibepan/video/7659283167630871815,Qrevo2 Pro nhiều tính năng vượt trội trong cùng phân khúc #qrevo2pro #Roborock #robothutbui ,135,1,0
2026-07-07,thietbibepan,qrevo 2 pro,2026-07-06,https://www.tiktok.com/@thietbibepan/video/7659281705160707346,Qrevo 2 pro mạnh mẽ nhất phân khúc #qrevo2pro #Roborock #Robothutbui,130,1,0
2026-07-07,t_tech.ninhbinh,qrevo 2 pro,2026-07-06,https://www.tiktok.com/@t_tech.ninhbinh/video/7659317342760963348,"ROBOROCK 2pro có gì đáng quan tầm ? ✨ Lực hút HyperForce® 25.000Pa mạnh mẽ ✨ Chổi cạnh đảo chiều thế hệ mới quét sâu vào góc hơn ✨ FlexiArm™ vươn sát mép tường, giảm tối đa khu vực bỏ sót ✨ Hệ thống chống rối toàn thân đạt chứng nhận SGS ✨ Tự động tháo giẻ trước khi làm sạch thảm ✨ Dock đa năng tự giặt, tự sấy, tự làm sạch 📍 :𝐓-𝐭𝐞𝐜𝐡 𝟏𝟓𝟓 𝐋𝐮̛𝐨̛𝐧𝐠 𝐕𝐚̆𝐧 𝐓𝐡𝐚̆𝐧𝐠, 𝐓𝐏𝐍𝐁 ☎️  :𝟎𝟖𝟔𝟓𝟑𝟔𝟑𝟐𝟔𝟖 #qrevo2pro #roborock #robothutbui ",2613,5,0
2026-07-07,tn.robot76,qrevo 2 pro,2026-07-06,https://www.tiktok.com/@tn.robot76/video/7659310908673576199,Sản phẩm Robot tầm trung giá mềm đáng mua nhất hiện tại Qrevo 2 pro #Qrevo2Pro #Roborock #Robothutbui,162,2,0
2026-07-07,longrobot_284,qrevo 2 pro,2026-07-07,https://www.tiktok.com/@longrobot_284/video/7659608650318761237,"Lắp đặt combo Roborock F25 Ultra & Qrevo 2 Pro cho khách | Nhà sạch tự động, lau sàn tiện hơn. #roborock #mayhutbuilaunha #robothutbuilaunha #f25ultra #qrevo2pro",172,5,0
2026-07-07,thurobot88,qrevo 2 pro,2026-07-06,https://www.tiktok.com/@thurobot88/video/7659313296910159125,#Qrevo2Pro #Roborock #robothutbui,162,3,0
2026-07-07,thurobot88,qrevo 2 pro,2026-07-01,https://www.tiktok.com/@thurobot88/video/7657569311443422485,Đập hộp #Qrevo2Pro #Roborock #robothutbui,230,11,0
2026-07-07,phanthulan715,qrevo 2 pro,2026-07-07,https://www.tiktok.com/@phanthulan715/video/7659616850015210772,"Qrevo 2 Pro – Khi chuẩn sạch len lỏi đến từng góc nhà. ✨ 🔹 Lực hút HyperForce 25.000Pa mạnh mẽ, làm sạch hiệu quả bụi bẩn mỗi ngày. 🔹 Chổi cạnh đảo chiều kết hợp giẻ lau FlexiArm giúp tăng khả năng làm sạch góc và lau sát mép tường. 🔹 Reactive Tech nhận diện và tránh vật cản thông minh, cùng dock sạc đa năng tự giặt, sấy giẻ và rảnh tay lên đến 65 ngày. Một trợ thủ dọn dẹp toàn diện trong phân khúc tầm trung, giúp việc chăm sóc ngôi nhà trở nên nhẹ nhàng hơn mỗi ngày. #Qrevo2Pro #roborock #robothutbui #smarthomephutho #nhathongminh ",143,6,3
2026-07-07,phanthulan715,qrevo 2 pro,2026-07-06,https://www.tiktok.com/@phanthulan715/video/7659431125873331476,Hãy để qrevo 2 pro chăn sóc ngôi nhà của bạn #Qrevo2Pro #roborock #robothutbui #smarthomephutho #nhathongminh ,141,4,2
2026-07-07,phanthulan715,qrevo 2 pro,2026-07-06,https://www.tiktok.com/@phanthulan715/video/7659424913576480020,"🏡 Một chiếc robot tốt không chỉ dọn sạch sàn mà còn giúp bạn bớt đi hàng loạt việc lặp lại. Qrevo 2 Pro làm được điều đó với lực hút mạnh, giẻ lau cải tiến, chống rối kép SGS và dock tự giặt sấy thông minh. Thảm luôn khô sạch nhờ tính năng tự tháo giẻ trước khi làm sạch. Trải nghiệm cao cấp giờ đã dễ tiếp cận hơn. #Qrevo2Pro #roborock #robothutbui #smarthomephutho #nhathongminh  --------- Smarthome Phú Thọ 🏠 Showroom: số 663, Nguyễn Du kéo dài, Phường Việt Trì, Tỉnh Phú Thọ",163,8,2
2026-07-07,phanthulan715,qrevo 2 pro,2026-07-06,https://www.tiktok.com/@phanthulan715/video/7659420670412983573,"✨ Siêu phẩm tầm trung mới Roborock Qrevo 2 Pro! ✅ Lực hút mạnh mẽ 25.000Pa đánh bay bụi bẩn hiệu quả ✅ Chổi cạnh xoay chiều giúp làm sạch sát mép, hạn chế bỏ sót ✅ Dock sạc đa năng hỗ trợ giặt và sấy giẻ tự động, giảm thiểu công việc thủ công 🔥 Nhanh tay đặt mua ngay để nhận mức giá ưu đãi hấp dẫn cùng COMBO 14 MÓN PHỤ KIỆN cực giá trị. #Qrevo2Pro #roborock #robothutbui #smarthomephutho #nhathongminh ",148,4,1
2026-07-07,phanthulan715,qrevo 2 pro,2026-07-06,https://www.tiktok.com/@phanthulan715/video/7659271674071665940,Chiến minh mới tầm trung nhà roborock lực hút cực khủng điểm 10 cho chất lượng #Qrevo2Pro #roborock #robothutbui #smarthomephutho #nhathongminh ,174,2,1
2026-07-07,phanthulan715,qrevo 2 pro,2026-07-06,https://www.tiktok.com/@phanthulan715/video/7659237445623500053,Chọn đúng robot hút bụi lau nhà  không phải là đặt cược vào may mắn mà là đầu tư cho sự tiện nghi mỗi ngày  Roborock Qrevo 2 pro mang sự cân bằng giữ sức mạnh làm sạch công nghệ thông minh và khả năng tự động hoá vượt trội giúp việc chăm sóc ngôi nhà trở nên dễ dàng hơn #roborock #Qrevo2Pro #robothutbui #smarthomephutho #nhathongminh ,159,6,0
2026-07-07,bothome_robotgialai,qrevo 2 pro,2026-07-07,https://www.tiktok.com/@bothome_robotgialai/video/7659620121916230919,"20 Cù Chính Lan, Pleiku, Gia Lai  0905 095 168 - 0969 960 963  #Qrevo2Pro  #Roborock  #robothutbui  #robothutbuiGiaLai ",410,7,1
2026-07-07,bothome_robotgialai,qrevo 2 pro,2026-07-06,https://www.tiktok.com/@bothome_robotgialai/video/7659431407030160648,Siêu phẩm mới nhà Roborock #Qrevo2Pro #Roborock #robothutbui,472,10,1
2026-07-07,momimart.vn,qrevo 2 pro,2026-07-06,https://www.tiktok.com/@momimart.vn/video/7659398037382499605,Phiên bản mới của nhà Roborock không còn hình ảnh cứng cáp của dòng Qrevo seri trước đây#RobotHutBui #Roborock #Qrevo2Pro #Momimart ,328,4,0
2026-07-07,bepphuthai,qrevo 2 pro,2026-07-06,https://www.tiktok.com/@bepphuthai/video/7659389488984067348,"✨ CHƯƠNG TRÌNH TRẢI NGHIỆM TRƯỚC, MUA SAU - QREVO 2 PRO & F25 ULTRA Những quyết định quan trọng nhất cho tổ ấm phải đến từ trải nghiệm thực tế. Từ 07.07.2026 - 31.07.2026, hãy ghé BẾP PHÚ THÁI để tự mình trải nghiệm bộ đôi siêu phẩm dọn dẹp siêu hot: Qrevo 2 Pro & F25 Ultra. ✨ Qrevo 2 Pro: Dòng robot hút bụi mới ra mắt, sở hữu hiệu năng và công nghệ dẫn đầu tầm trung hiện nay, xử lý tốt việc lau dọn hàng ngày. ✨ F25 Ultra: Best seller dòng cầm tay, là mảnh ghép còn lại giúp bạn xử lý nhanh những nơi nhiều dầu mỡ, đồ ăn rơi vãi như khu vực bếp. Đặc quyền dành riêng cho khách hàng: 🚀 Mức giá ưu đãi khi trải nghiệm Qrevo 2 Pro 🚀 Nhận ngay combo quà tặng lên tới 14 sản phẩm 🚀 Trải nghiệm công nghệ mới hiện nay 🚀 Được tư vấn 1:1 giải pháp làm sạch phù hợp với cấu trúc nhà bạn Số lượng quà tặng có giới hạn. Hãy trở thành những người đầu tiên trải nghiệm và lựa chọn đúng sản phẩm cho ngôi nhà của mình! ___________ BẾP PHÚ THÁI 📍 : 262 Lê Thánh Tông P.Hạc Thành TP Thanh Hóa ☎️ : 0945.248.165 #Roborock 2pro",147,5,0
2026-07-07,robothutbuiductrong,qrevo 2 pro,2026-07-06,https://www.tiktok.com/@robothutbuiductrong/video/7659245802417671445,"🌌 QREVO 2 PRO | SỨ MỆNH NÂNG TẦM SỨC MẠNH DỌN DẸP TẦM TRUNG CHÍNH THỨC CẤT CÁNH Roborock Qrevo 2 Pro xuất hiện như một cú phóng mới cho chuẩn sạch tầm trung.  🌪️ Một - Lực hút 25.000Pa đánh thức sức mạnh làm sạch toàn diện, cuốn gọn bụi mịn, tóc rụng và mảnh vụn trong từng lần di chuyển. 🌪️ Hai - Giẻ lau FlexiArm cùng chổi cạnh đảo chiều mở rộng giới hạn làm sạch, len sát mép tường, chạm đến những góc nhỏ thường bị bỏ quên. 🌪️ Ba - Hệ thống chống rối 3 lớp giúp hành trình vận hành mượt mà hơn, để tóc và lông thú không còn là lý do khiến bạn phải cúi xuống gỡ thủ công. 🌪️ Bốn - Dock tự giặt giẻ, sấy nóng 45°C và làm sạch khay giặt, giữ chu trình sau mỗi lần lau luôn khô thoáng, gọn gàng và an tâm. 🌪️ Năm - Khi gặp thảm, robot tự để giẻ lại dock, chỉ tập trung hút sạch mà không kéo ẩm lên bề mặt vải. Chuẩn sạch mới chính thức bắt đầu cùng Roborock Qrevo 2 Pro. #Roborock #RoborockVietnam   #Qrevo2Pro #Roborock #Robothutbui ",155,0,0
2026-07-07,robothutbuiductrong,qrevo 2 pro,2026-07-01,https://www.tiktok.com/@robothutbuiductrong/video/7657567801011473684,𝐐𝐫𝐞𝐯𝐨 𝟐 𝐏𝐫𝐨  👉Lực hút HyperForce: 25.000 Pa 👉Chổi cạnh đảo chiều: Tăng 30% diện tích phủ góc so với chổi cạnh cố định thông thường 👉Giẻ lau cạnh FlexiArm vươn ra sát tường 👉Hệ thống giẻ lau xoay kép 👉Dock sạc đa năng - tự làm sạch bệ giặt giẻ #Qrevo2Pro #Roborock #RobotLauNha #RobotDucTrong,136,5,2
2026-07-07,robothutbuiductrong,qrevo 2 pro,2026-07-01,https://www.tiktok.com/@robothutbuiductrong/video/7657349734994038037,"Siêu phẩm dọn nhà thế hệ mới Roborock Qrevo 2 Pro! 🖤 Gôm trọn công nghệ đỉnh: 👉 Lực hút khủng 25.000 Pa 👉 Lau sát cạnh 1.85mm,  👉 Chổi cạnh đảo chiều sạch 100% góc chết và AI SmartPlan 3.0 tự tối ưu phòng. Giá cực tốt cho những vị khách đầu tiên, inbox em tư vấn liền tay nhé ạ! 💞 #Roborock #Qrevo2Pro #RobotLauNha #RobotDucTrong #RobotHutBuiLauNha",379,3,0
2026-07-07,robothutbuiductrong,qrevo 2 pro,2026-06-29,https://www.tiktok.com/@robothutbuiductrong/video/7656613783372074261,"🏡✨ Ngoài việc tránh tiếp xúc trực tiếp với nước, robot hút bụi lau nhà Roborock Qrevo 2 Pro tự tin cân trọn hầu hết nhu cầu dọn dẹp trong nhà đấy! 🤖 Thế nên, bụi mịn, tóc rụng, lông thú, khe góc hay thảm trải sàn, cứ giao ""em"" xử lý. 😚 #Roborock #RoborockVietnam #docongnghe#docovo2Pro #robothutbui",120,1,0
2026-07-07,robothutbuiductrong,qrevo 2 pro,2026-06-28,https://www.tiktok.com/@robothutbuiductrong/video/7656233166637731093,Loanh quanh 13 🍠 - ra mắt tặng thêm rất nhiều 🎁 ✅Lực hút cực mạnh - giá tầm trung ✅Có chổi ven đảo chiều  ✅Có bệ tự vệ sinh  Đừng chần chừ gì nữa mà ib em tư vấn ngay nhé 👌#mytechfavs #qrevo2pro #roborock #robotductrong #test ,330,5,0
2026-07-07,robothutbuiductrong,qrevo 2 pro,2026-06-26,https://www.tiktok.com/@robothutbuiductrong/video/7655621454356057365,"✅Qrevo 2 Pro - Vừa mở bán đã hot hit điên đảo các bác ơi.  🎉Model 2026 với phân khúc giá chỉ loanh quanh 13 triệu thì em này xứng đáng mua nha 👉 Lực hút 25,000Pa (ngang ngửa với dòng cao cấp Qrevo Edge 2 luôn nè)🥹 👉 Giẻ xoè được sát tường, chổi thì xoay đảo chiều - khay giặt tự vệ sinh làm sạch như Edge2 👉 Có cả tính năng tự vệ sinh bệ giặt luôn nhé 👌 ... ❤️Quá hời để hốt về đó ạ.  💰💰💰Giá đang ưu đãi vì ra mắt sản phẩm mới của nhà Roborock nên KH hãy mua nhanhhhhh nhanhhh lên nha.  🏡 H&T Smart Home Đức Trọng - 384 Thống Nhất ☎️ 0988607072 #Qrevo2Pro #2Pro #roborock #robotductrong #robotlaunhaductrong ",181,4,0
2026-07-07,domotekvietnam,qrevo 2 pro,2026-07-06,https://www.tiktok.com/@domotekvietnam/video/7659412665927896328,7/7-31/7 có gì tại Domotek Việt Nam  #Qrevo2Pro #Roborock #Robothutbui #DomotekVietNam #đungdongvaianh ,129,6,0
2026-07-07,domotekvietnam,qrevo 2 pro,2026-07-04,https://www.tiktok.com/@domotekvietnam/video/7658694688303533320,"Với Domotek Việt Nam, bán hàng chỉ là khởi đầu – đồng hành và hỗ trợ khách hàng mới là cam kết lâu dài. Tận tâm trước, trong và sau bán, để mỗi sản phẩm đến tay khách đều mang lại sự an tâm tuyệt đối. #DomotekVietNam #DichVuKhachHang #RobotHutBui #ChamSocKhachHang #qrevo2pro ",138,1,0
2026-07-07,domotekvietnam,qrevo 2 pro,2026-07-03,https://www.tiktok.com/@domotekvietnam/video/7658306093189385480,Trải nghiệm trước mua sau cùng Roborock Qrevo 2 Pro và F25ultra #F25UItra #RoborockQrevo2Pro #DomotekVietnam #TraiNghiemTruocMuaSau #RobotHutBuiThongMinh,127,2,0
2026-07-07,domotekvietnam,qrevo 2 pro,2026-06-25,https://www.tiktok.com/@domotekvietnam/video/7655242449303948562,📦 Unboxing siêu phẩm **Roborock Qrevo 2 Pro** 🔥 #DomotekVietNam #Roborock #Unbox #Unboxing #xuhuong   ,165,5,0
2026-07-07,homesmediant99,qrevo 2 pro,2026-07-07,https://www.tiktok.com/@homesmediant99/video/7659607622709939464,Có Qrevo 2 pro không gì là không thể💪💪 Bụi bẩn ư🤔 Chuyện nhỏ luôn☝️☝️#roborock #Qrevo2pro #robothutbui ,148,4,0
2026-07-07,homesmediant99,qrevo 2 pro,2026-07-06,https://www.tiktok.com/@homesmediant99/video/7659371144524467463,#Roborock #Qrevo2pro#robothutbui ,113,3,1
2026-07-07,homesmediant99,qrevo 2 pro,2026-07-04,https://www.tiktok.com/@homesmediant99/video/7658504980025920776,Robot Roborock qrevo 2 pro có gì??🤔 Cùng xem nhé #RoborockMediaHomesNhaTrang #roborock #robothutbui ,139,3,0
2026-07-07,homesmediant99,qrevo 2 pro,2026-07-04,https://www.tiktok.com/@homesmediant99/video/7658501309468773639,Khắc tinh của bụi bẩn 🤩#roborock #qrevo2pro #RoborockMediaHomesNhaTrang ,123,4,1
2026-07-07,tm.anh.kitchen.qu,qrevo 2 pro,2026-07-07,https://www.tiktok.com/@tm.anh.kitchen.qu/video/7659638627168685319,Roborock Qrevo 2 Pro đã chính thức mở bán từ ngày hôm nay tại Tâm Anh Kitchen 44 Tôn Thất Thuyết Quảng Trị 🫶🏻  #bepquangtri #Roborock #robockvietnam #Qrevo2Pro,549,14,0
2026-07-07,mivietnam_chuyengiarobot,qrevo 2 pro,2026-07-07,https://www.tiktok.com/@mivietnam_chuyengiarobot/video/7659726057729182996,khi ngủ 8 tiếng trong 2 tiếng kiểu #mivietnam #Roborock #Qrevo2Pro #Robothutbui #fyp,531,17,1
2026-07-07,quyrobot,qrevo 2 pro,2026-07-07,https://www.tiktok.com/@quyrobot/video/7659730708952288520,"Qrevo 2 pro trắng đẹp lắm nhé quý vị, tầm giá hơn 13củ thì quá hợp lý rồi ạh #quyrobot #qrevo2pro #robothutbui #roborock",244,5,2
2026-07-07,quyrobot,qrevo 2 pro,2026-07-07,https://www.tiktok.com/@quyrobot/video/7659717455098465543,"Qrevo 2 pro 2026 màu trắng cực đẹp ace nhé, tin tôi đi🫶🫶 #quyrobot #Roborock #qrevo2pro #robothutbui ",777,7,4
2026-07-07,nc.nh.qu.robot,qrevo 2 pro,2026-07-07,https://www.tiktok.com/@nc.nh.qu.robot/video/7659776166856822036,Qua QUÝ ROBOT TRẢI NGHIỆM SP #Qrevo2pro #robothutbui #roborock #xuhuongtiktok #quyrobot ,137,4,1
2026-07-07,nc.nh.qu.robot,qrevo 2 pro,2026-07-07,https://www.tiktok.com/@nc.nh.qu.robot/video/7659734334227631380,Hãy sờ tận tay nhìn tận mắt để thấy em nó đáng mua cỡ nào #Qrevo2pro #robothutbui #roborock #quyrobot #xuhuongtiktok ,151,4,5
2026-07-07,nc.nh.qu.robot,qrevo 2 pro,2026-07-07,https://www.tiktok.com/@nc.nh.qu.robot/video/7659712793259543829,Mời quý vị ghé QUÝ ROBOT để trải nghiệm 2 mã sảnn phẩmm hót hít nhất 2026 ạ. 🤩 #Qrevo2pro #robothutbui #roborock #quyrobot #xuhuongtiktok ,144,5,1
2026-07-07,nc.nh.qu.robot,qrevo 2 pro,2026-07-07,https://www.tiktok.com/@nc.nh.qu.robot/video/7659711497689468181,Tính năng hay thế này chỉ có thể là #Qrevo2pro #robothutbui #roborock #quyrobot #xuhuongtiktok ,136,3,4
2026-07-07,nc.nh.qu.robot,qrevo 2 pro,2026-07-07,https://www.tiktok.com/@nc.nh.qu.robot/video/7659710504775978260,Mê quá các bác ơi #Qrevo2pro #robothutbui #roborock #quyrobot #xuhuongtiktok ,17,3,1
2026-07-07,nc.nh.qu.robot,qrevo 2 pro,2026-07-07,https://www.tiktok.com/@nc.nh.qu.robot/video/7659710008883531028,Mời quý vị #Qrevo2pro #robothutbui #roborock #nghiennha #quyrobot ,114,3,0
2026-07-07,nc.nh.qu.robot,qrevo 2 pro,2026-07-07,https://www.tiktok.com/@nc.nh.qu.robot/video/7659708092464008468,Chạy sạch cỡ này không mua không đc quý vị ơi #Qrevo2pro #robothutbui #roborock #quyrobot #nghiennha ,178,4,3
2026-07-07,bothome_robotgialai,qrevo 2 pro,2026-07-07,https://www.tiktok.com/@bothome_robotgialai/video/7659707318879128839,"Ghé BOT Home, Trải nghiệm miễn phí sản phấm mới nhà Roborock #Qrevo2Pro  #Roborock  #robothutbui  ",502,16,1
2026-07-07,ecomi.vn.roborock,qrevo 2 pro,2026-07-07,https://www.tiktok.com/@ecomi.vn.roborock/video/7659670243274411271,#Qrevo2Pro #Roborock #Robothutbui #RoborockVn,158,3,0
2026-07-07,ecomi.vn.roborock,qrevo 2 pro,2026-07-07,https://www.tiktok.com/@ecomi.vn.roborock/video/7659669443374484743,#Qrevo2Pro #Roborock #Robothutbui #RoborockVn,203,3,0
2026-07-07,roborock.smart.li,qrevo 2 pro,2026-07-07,https://www.tiktok.com/@roborock.smart.li/video/7659770145505578260,#QRevo2Pro #Roborock #RoborockVN,348,1,0
2026-07-08,mistorebienhoa,qrevo 2 pro,2026-07-08,https://www.tiktok.com/@mistorebienhoa/video/7660035263992827156,Hot hot 🔥 Roborock Qrevo 2 Pro - Mới nhất #mistorebienhoa #roborock #qrevo2pro #robothutbui ,191,6,0
2026-07-08,phanthulan715,qrevo 2 pro,2026-07-08,https://www.tiktok.com/@phanthulan715/video/7659970700031085845,Qua em trải nghiệm thực tế sản phẩm robot hút bụi lau nhà nha các bác #Qrevo2Pro #roborock #robothutbui #smarthomephutho #xuhuong ,198,7,3
2026-07-08,phanthulan715,qrevo 2 pro,2026-07-07,https://www.tiktok.com/@phanthulan715/video/7659923695204420884,Có gì nổi bật ở chiến thần Qrevo 2 Pro #Qrevo2Pro #roborock #robothutbui #smarthomephutho #nhathongminh ,147,10,2
2026-07-08,phanthulan715,qrevo 2 pro,2026-07-07,https://www.tiktok.com/@phanthulan715/video/7659798411520298260,Còn băn khoăn nên chọn dòng robot nào cho nhà mình thì các bác ghé qua Smarthome Phú Thọ em tư vấn nha #Qrevo2Pro #roborock #robothutbui #smarthomephutho #nhathongminh ,283,11,6
2026-07-08,phanthulan715,qrevo 2 pro,2026-07-07,https://www.tiktok.com/@phanthulan715/video/7659790627864907028,"🔥 TRẢI NGHIỆM TRƯỚC, MUA SAU – CHỐT SIÊU PHẨM NHẬN QUÀ KHỦNG NGAY HÔM NAY! Trực tiếp trải nghiệm và rinh bộ đôi dọn dẹp nhà cửa hot nhất hiện nay: Qrevo 2 Pro & F25 Ultra với chương trình cực kỳ hấp dẫn. ✨ Qrevo 2 Pro: Robot hút bụi mới ra mắt, sở hữu hàng loạt cải tiến công nghệ ấn tượng trong phân khúc tầm trung, để giữ nhà sạch, bạn luôn rảnh tay. ✨ F25 Ultra: Dòng máy lau sàn ""best-seller"" giúp bạn giải quyết nhanh gọn các sự cố bất chợt, vết bẩn bết dính hay dầu mỡ cứng đầu trong tích tắc 💥 ĐẶC QUYỀN CHỈ ÁP DỤNG TỪ 07.07.2026 - 31.07.2026: Giá trải nghiệm Qrevo 2 Pro: Chỉ còn 13.490.000đ Combo quà tặng độc quyền: Nhận ngay bộ phụ kiện lên tới 14 sản phẩm tiện ích đi kèm khi chốt đơn thành công Hỗ trợ chuyên sâu: Tư vấn giải pháp dọn dẹp và hướng dẫn 1:1 trực tiếp Mắt thấy, tai nghe, tay chạm thực tế để chọn đúng trợ thủ thông minh cho gia đình mình. 👉Số lượng quà tặng có hạn! Ghé ngay cửa hàng hôm nay để không bỏ lỡ nhé! ___________ SMARTHOME PHÚ THỌ #Qrevo2Pro #roborock #robothutbui #smarthomephutho #nhathongminh ",182,11,4
2026-07-08,nc.nh.qu.robot,qrevo 2 pro,2026-07-08,https://www.tiktok.com/@nc.nh.qu.robot/video/7659976937284062485,Mời quý vị #Qrevo2pro #robothutbui #roborock #xuhuongtiktok #quyrobot ,22,5,1
2026-07-08,bothome_robotgialai,qrevo 2 pro,2026-07-08,https://www.tiktok.com/@bothome_robotgialai/video/7659991460531408136,"Qrevo 2 Pro: Phân khúc tầm trung, mẫu mới, công nghệ mới, nhưng giá vẫn cực hấp dẫn. Sẵn tại 20 Cù Chính Lan, Pleiku #Qrevo2Pro #Roborock #robothutbui ",120,7,1
2026-07-08,xiaomi.phu.tho,qrevo 2 pro,2026-07-07,https://www.tiktok.com/@xiaomi.phu.tho/video/7659740024879009031,"🎁 Mở bán robot Qrevo 2 Pro roborock đỉnh cao lực hút, giá chỉ tầm trung tại Xiaomi Phú Thọ 🚘 Các bác qua 05 Nguyễn Du, Nông Trang, Việt Trì, Phú Thọ #qrevo2pro #roborock #robothutbui #robotlaunha #xiaomiphutho ",265,6,0
2026-07-08,xiaomi.phu.tho,qrevo 2 pro,2026-06-29,https://www.tiktok.com/@xiaomi.phu.tho/video/7656709011747654930,"Robot cao cấp hơn 20tr thì chỉ là cái tên sau khi Qrevo 2 pro ra mắt 🙈 Hàng sẵn tại shop cho A/C trải nghiệm muốn lấy luôn ạ 🥰 Số 05 Nguyễn Du, Nông Trang, Việt Trì ạ  #roborock #robotlaunha #qrevo2pro ",535,13,2
2026-07-08,xiaomi.phu.tho,qrevo 2 pro,2026-06-25,https://www.tiktok.com/@xiaomi.phu.tho/video/7655314935366438162,Đế chế robot ra mắt bản Qrevo 2 pro cực đỉnh giá chỉ hơn 12 đồng bảo hành tại nhà luôn ạ  #roborock #robotlaunha #roborockqrevo ,364,7,0
2026-07-08,3t.smart.robot.tn,qrevo 2 pro,2026-07-08,https://www.tiktok.com/@3t.smart.robot.tn/video/7660114055167806738,Roborock Qrevo 2Pro đã cập bến tại Vua Robot 3T Smart rồi mọi người ơi #VuARobot #Robothutbuilaunhathainguyen #xuhuong #roborockvietnam ,438,1,0
2026-07-08,thietbibepan,qrevo 2 pro,2026-07-08,https://www.tiktok.com/@thietbibepan/video/7660083906003176712,Qrevo2 pro giá tầm trung nhưng sở hữu nhiều tính năng cao cấp #qrevo2pro #Roborock #robothutbui #creatorsearchinsights ,342,9,5
2026-07-08,caothienphat.official,qrevo 2 pro,2026-07-08,https://www.tiktok.com/@caothienphat.official/video/7660063763491458312,Running Test Qrevo 2 Pro 🤪 #caothienphat #CTP #robothutbui #qrevo2pro #roborock ,451,4,0
2026-07-08,mivietnam_chuyengiarobot,qrevo 2 pro,2026-07-08,https://www.tiktok.com/@mivietnam_chuyengiarobot/video/7660091255338093844,khi ngủ 8 tiếng trong 2 tiếng kiểu #mivietnam #Roborock #Qrevo2Pro #Robothutbui #fyp,669,23,4
2026-07-08,nc.nh.qu.robot,qrevo 2 pro,2026-07-08,https://www.tiktok.com/@nc.nh.qu.robot/video/7660095512929897749,#Qrevo2pro #robothutbui #roborock #quyrobot ,122,5,3
2026-07-08,xiaomi.phu.tho,qrevo 2 pro,2026-07-08,https://www.tiktok.com/@xiaomi.phu.tho/video/7660082668410899730,"Chỉ với già chục triệu sở hữu ngay lực hút 25000pa quá đỉnh 🚘 Trải nghiệm ngay tại 05 Nguyễn Du, Nông Trang, Việt Trì nhé ạ #qrevo2pro #robothutbui #robotlaunha #xiaomiphutho #roborock ",250,4,0
2026-07-08,nhadepbepxinh.camxuyen,qrevo 2 pro,2026-07-08,https://www.tiktok.com/@nhadepbepxinh.camxuyen/video/7660096585396849938,Ghé ngay NHÀ ĐẸP BẾP XINH CẨM XUYÊN để trải nghiệm em robot xịn sò này các bác nhé #qrevo2pro #roborock #robothutbui ,319,2,0
2026-07-08,nhadepbepxinh.camxuyen,qrevo 2 pro,2026-07-02,https://www.tiktok.com/@nhadepbepxinh.camxuyen/video/7657744544179506439,Qrevo 2 Pro và những con số biết nói#nhadepbepxinhthongminh #qrevo2pro #roborock ,129,2,0
2026-07-09,tigerbot.smarthome,qrevo 2 pro,2026-07-09,https://www.tiktok.com/@tigerbot.smarthome/video/7660352139872521493,TigerBot Smart Home  #robothutbui #roborock #qrevo2pro ,150,8,0
2026-07-09,.hng0863,qrevo 2 pro,2026-07-09,https://www.tiktok.com/@.hng0863/video/7660371530378906901,Liên hệ và đến trải nghiệm sản phẩm nha khách yêu của em #Roborock #Qrevo2Pro #Robothutbui #thietbithongminh ,360,5,0
2026-07-09,mistorebienhoa,qrevo 2 pro,2026-07-09,https://www.tiktok.com/@mistorebienhoa/video/7660366627724217621,Cùng mình khui thùng em robot hút hụi mới của nhà Roborock nhé #robothutbui #qrevo2pro #roborock #mistorebienhoa ,196,6,0
2026-07-09,roborock.krng.n,qrevo 2 pro,2026-07-09,https://www.tiktok.com/@roborock.krng.n/video/7660325976261299477,#roborock  #qrevo2pro  #roborockvietnam  #krongno #robothutbui ,515,8,2
2026-07-09,thurobot88,qrevo 2 pro,2026-07-09,https://www.tiktok.com/@thurobot88/video/7660330402774666516,Chương trình trải nghiệm thực tế tại: ____________ ROBOROCK STORE BUÔN MA THUỘT 🏠 Số 29 Trần Phú - Phường Buôn Ma Thuột - Tỉnh Đăk Lăk #Qrevo2Pro #Roborock #robothutbui,171,5,1
2026-07-09,phanthulan715,qrevo 2 pro,2026-07-08,https://www.tiktok.com/@phanthulan715/video/7660143026190241045,Qua em trải nghiệm thực tế robot nha các bác #Qrevo2Pro #roborock #robothutbui #smarthomephutho #xuhuong ,141,5,0
2026-07-09,phanthulan715,qrevo 2 pro,2026-07-08,https://www.tiktok.com/@phanthulan715/video/7660137920774409493,Còn băn khoăn gì mà chưa chọn Qrevo 2 Pro ạ #Qrevo2Pro #roborock #robothutbui #smarthomephutho #xuhuong ,157,7,0
2026-07-09,nc.nh.qu.robot,qrevo 2 pro,2026-07-09,https://www.tiktok.com/@nc.nh.qu.robot/video/7660396252508589332,Siêu sạch và tiện lợi #Qrevo2pro #robothutbui #roborock #xuhuongtiktok #quyrobot ,132,3,3
2026-07-09,nc.nh.qu.robot,qrevo 2 pro,2026-07-08,https://www.tiktok.com/@nc.nh.qu.robot/video/7660160172777590037,#Qrevo2pro #robothutbui #roborock #quyrobot #xuhuongtiktok ,167,5,2
2026-07-09,nc.nh.qu.robot,qrevo 2 pro,2026-07-08,https://www.tiktok.com/@nc.nh.qu.robot/video/7660155112341392660,Quả con xoay đỉnh cấp của em #Qrevo2pro #robothutbui #roborock #quyrobot #xuhuongtiktok ,180,7,2
2026-07-09,bothome_robotgialai,qrevo 2 pro,2026-07-09,https://www.tiktok.com/@bothome_robotgialai/video/7660356666117901576,"Lực hút khủng long của em QRevo 2 Pro. Đến BOT HOME để trải nghiệm thực tế em nó, đảm bảo mê nha khách ơi 😝 #Qrevo2Pro #Roborock #robothutbui ",398,9,1
2026-07-09,momimart.vn,qrevo 2 pro,2026-07-08,https://www.tiktok.com/@momimart.vn/video/7660178941407202581,Qrevo 2 Pro đã có mặt tại Momimart Quận 2. Mời anh chị đến trải nghiệm để nhận quà nhé #RobotHutBui #Roborock #Qrevo2Pro #Momimart ,289,0,0
2026-07-09,robothutbuiductrong,qrevo 2 pro,2026-07-09,https://www.tiktok.com/@robothutbuiductrong/video/7660390181530275092,"📦🖤 HÀNG VỀ RỒI! Roborock Qrevo 2 Pro  🔥 Review nhanh về Roborock Qrevo 2 Pro: ✅ Lực hút siêu mạnh 25.000Pa, làm sạch hiệu quả trên mọi bề mặt. ✅ Chổi chống rối kép, cực kỳ phù hợp với gia đình có tóc dài hoặc nuôi thú cưng. ✅ Giẻ lau xoay kép kết hợp cánh tay FlexiArm giúp lau sát mép tường, góc cạnh sạch hơn. ✅ Dock đa năng: Tự giặt giẻ – sấy khô – tự đổ rác, giảm tối đa công việc dọn dẹp hàng ngày. ✅ Điều hướng thông minh, hoạt động ổn định và rất ít phải can thiệp trong quá trình sử dụng. 💯 Một trong những mẫu robot đáng mua nhất ở phân khúc cận cao cấp, hội tụ đầy đủ những tính năng mà đa số người dùng cần với mức giá cực kỳ hợp lý. 📩 Inbox ngay để được tư vấn chi tiết, báo giá tốt và nhận những ưu đãi hấp dẫn. #reviewrobot #Qrevo2pro #Robotlaunha #Robothutbui #Roborock",260,1,0
2026-07-09,xiaomi.phu.tho,qrevo 2 pro,2026-07-08,https://www.tiktok.com/@xiaomi.phu.tho/video/7660149973018889490,Không dùng mẫu này thì dùng mẫu nào nữa các bác  #qrevo2pro #robotlaunha #roborock #robothutbui #xiaomiphutho ,305,5,2
2026-07-10,.hng0863,qrevo 2 pro,2026-07-09,https://www.tiktok.com/@.hng0863/video/7660526024853212436,"Robot hút bụi lau nhà Roborock Qrevo 2 Pro xuất hiện như một lựa chọn dành cho những tổ ấm muốn giữ nhịp sạch sẽ mỗi ngày, nơi những chu trình lặp đi lặp lại được thay thế bằng một guồng vận hành tự động gọn gàng.#Roborock #Qrevo2Pro #Robothutbui #thietbithongminh ",438,5,0
2026-07-10,tn.robot76,qrevo 2 pro,2026-07-09,https://www.tiktok.com/@tn.robot76/video/7660453171411635463,Khách tới xem trải nghiệm có 🎁 chốt ngay giao liền trong đêm Qrevo 2 Pro #Qrevo2Pro #Roborock #Robothutbui #robotbinhduong #roborockrobotbinhduong,410,7,1
2026-07-10,homecaredigital,qrevo 2 pro,2026-07-09,https://www.tiktok.com/@homecaredigital/video/7660421487974714625,"🚀Đừng chỉ nghe đồn, hãy xem Qrevo 2 Pro dọn dẹp đỉnh thế nào Roborock Qrevo 2 Pro chính là công nghệ khuấy đảo phân khúc tầm trung với khả năng cuốn trôi mọi vết bẩn, trả lại mặt sàn sạch sang sáng bóng. Nhờ sở hữu tầm nhìn sắc bén, robot dễ dàng nhận diện và tránh né thông minh các vật cản trong nhà, đồng thời len lỏi làm sạch sâu sát mép tường mà không bỏ sót bất kỳ ngóc ngách nào.  👉Để tận hưởng không gian sống thảnh thơi, hãy ghé ngay 𝐇𝐨𝐦𝐞𝐜𝐚𝐫𝐞 𝐃𝐢𝐠𝐢𝐭𝐚𝐥 để được tư vấn chi tiết và rinh ngay siêu phẩm này về nhà!",11,0,0
2026-07-10,mivietnam_chuyengiarobot,qrevo 2 pro,2026-07-09,https://www.tiktok.com/@mivietnam_chuyengiarobot/video/7660467805049048341,khi ngủ 8 tiếng trong 2 tiếng kiểu #mivietnam #Roborock #Qrevo2Pro #Robothutbui #fyp,1081,15,3
2026-07-10,thurobot88,qrevo 2 pro,2026-07-09,https://www.tiktok.com/@thurobot88/video/7660570109743746324,Hướng dẫn kết nối Roborock 2 Pro với điện thoại. #Qrevo2Pro #Roborock #robothutbui,253,7,0
2026-07-10,phanthulan715,qrevo 2 pro,2026-07-09,https://www.tiktok.com/@phanthulan715/video/7660559797263076628,Ghé shop em trải nghiệm trước mua sau nha các bác #Qrevo2Pro #roborock #robothutbui #smarthomephutho #xuhuong ,279,5,4
2026-07-10,phanthulan715,qrevo 2 pro,2026-07-09,https://www.tiktok.com/@phanthulan715/video/7660471988644777237,Vẫn còn nhiều xuất trải nghiệm robot nha các bác ghé Smarthome Phú Thọ nha #Qrevo2Pro #roborock #robothutbui #smarthomephutho #NhaThongMinh ,151,6,2
2026-07-10,phanthulan715,qrevo 2 pro,2026-07-09,https://www.tiktok.com/@phanthulan715/video/7660417288608238869,Qua em trải nghiệm robot nha các bác #Qrevo2Pro #roborock #robothutbui #smarthomephutho #nhathongminh ,392,6,0
2026-07-10,nc.nh.qu.robot,qrevo 2 pro,2026-07-09,https://www.tiktok.com/@nc.nh.qu.robot/video/7660514008818011413,Có em nó quá nhàn luôn #Qrevo2pro #robothutbui #roborock #xuhuongtiktok #quyrobot ,124,5,4
2026-07-10,bothome_robotgialai,qrevo 2 pro,2026-07-09,https://www.tiktok.com/@bothome_robotgialai/video/7660420517073014023,Mẫu máy đang rất hot tại nhà BOT #Qrevo2Pro #Roborock #robothutbui ,460,10,1
2026-07-10,xiaomi.phu.tho,qrevo 2 pro,2026-07-09,https://www.tiktok.com/@xiaomi.phu.tho/video/7660517122824604935,"Bác nào tìm hiểu robot đừng bỏ qua nhé em này nhé ạ 🤩 🚘 Ngay Xiaomi Phú Thọ: 05 Nguyễn Du, Nông Trang, Việt Trì, Phú Thọ 0862505508 để được xem sản phẩm và tư vấn ạ.  #qrevo2pro #robothutbui #roborock #robotlaunha #xiaomiphutho ",289,5,0
2026-07-10,xiaomi.phu.tho,qrevo 2 pro,2026-07-09,https://www.tiktok.com/@xiaomi.phu.tho/video/7660456277914455304,Bác nào không tìm hiểu em này Qrevo 2 Pro chỉ có tiếc 🤩  #qrevo2pro #roborock #robothutbui #robotlaunha #xiaomiphutho ,427,7,2
2026-07-10,kimanh_1202,qrevo 2 pro,2026-07-10,https://www.tiktok.com/@kimanh_1202/video/7660860650763160853,Chương trình trải nghiệm trước mua sau là gì❓#Roborock #Qrevo2Pro #robothutbui #ahastore #xuhuong #trending #viralvideotiktok #trendingsound,147,8,0
2026-07-10,kimanh_1202,qrevo 2 pro,2026-07-10,https://www.tiktok.com/@kimanh_1202/video/7660859272317701396,Đâu mới là sản phẩm hợp với nhà bạn❓#Roborock #Qrevo2Pro #robothutbui #ahastore #xuhuong #trending #viralvideotiktok #trendingsound,142,9,0
2026-07-10,kimanh_1202,qrevo 2 pro,2026-07-10,https://www.tiktok.com/@kimanh_1202/video/7660858983569198357,👉Quảng cáo liệu có hay như lời đồn..#Roborock #Qrevo2Pro #robothutbui #ahastore #xuhuong #trending #viralvideotiktok #trendingsound,143,10,0
2026-07-10,kimanh_1202,qrevo 2 pro,2026-07-10,https://www.tiktok.com/@kimanh_1202/video/7660858670590348564,🔥Sản phẩm mới của Roborock có gì mà nhiều người review đến vậy#Roborock #Qrevo2Pro #robothutbui #ahastore #xuhuong #trending #viralvideotiktok #trendingsound,139,6,0
2026-07-10,kimanh_1202,qrevo 2 pro,2026-07-10,https://www.tiktok.com/@kimanh_1202/video/7660796826668535060,👉Ghé ngay AHA để tham dự chương trình mới trong tháng 7 này...#Roborock #Qrevo2Pro #robothutbui #ahastore #xuhuong #trending #viralvideotiktok #trendingsound,160,14,0
2026-07-10,kimanh_1202,qrevo 2 pro,2026-07-10,https://www.tiktok.com/@kimanh_1202/video/7660795084635376916,❓Có gì hay ở Qrevo 2 Pro mà nhiều người muốn tới AHA trải nghiệm#Roborock #Qrevo2Pro #robothutbui #ahastore #xuhuong #trending #viralvideotiktok #trendingsound,905,8,0
2026-07-10,kimanh_1202,qrevo 2 pro,2026-07-10,https://www.tiktok.com/@kimanh_1202/video/7660794775708159253,⭐️Sự khác nhau khi đã có với chưa có robot hút bụi...#Roborock #Qrevo2Pro #robothutbui #ahastore #xuhuong #trending #viralvideotiktok #trendingsound,158,11,0
2026-07-10,kimanh_1202,qrevo 2 pro,2026-07-10,https://www.tiktok.com/@kimanh_1202/video/7660794517313899796,❓Bạn đang phân giữa robot hút bụi và máy hút bụi cầm tay🤔#Roborock #Qrevo2Pro #robothutbui #ahastore #xuhuong #trending #viralvideotiktok #trendingsound,166,12,0
2026-07-10,kimanh_1202,qrevo 2 pro,2026-07-10,https://www.tiktok.com/@kimanh_1202/video/7660794241345391892,🔥POV: Bạn đi trải nghiệm dòng sản phẩm mới ra mắt của nhà Roborock#Roborock #Qrevo2Pro #robothutbui #ahastore #xuhuong #trending #viralvideotiktok #trendingsound,192,13,0
2026-07-10,minhchautestthat,qrevo 2 pro,2026-07-10,https://www.tiktok.com/@minhchautestthat/video/7660755888197602581,#Test021 Câu hỏi đơn giản nhưng nhiều khách chưa hình dung ra thế nào là chống rơi của Robot hút bụi  Anh em cần test tính năng gì cmt mình lên video nhé #minhchautestthat #robothutbuilaunha  #roborock #qrevo2pro ,8721,41,29
2026-07-10,.hng0863,qrevo 2 pro,2026-07-10,https://www.tiktok.com/@.hng0863/video/7660857484583767317,Đến ngày cửa hàng em để được trải nghiệm cũng như được tư vấn và hỗ trợ về các dòng của Roborock nào#Roborock #Qrevo2Pro #Robothutbui #thietbithongminh ,279,2,0
2026-07-10,.hng0863,qrevo 2 pro,2026-07-10,https://www.tiktok.com/@.hng0863/video/7660853480596311316,"Nhà sạch ổn định, thao tác tối giản và bạn có thêm thời gian cho những điều thật sự quan trọng.#Roborock #Qrevo2Pro #Robothutbui #thietbithongminh ",323,2,0
2026-07-10,3t.smart.robot.tn,qrevo 2 pro,2026-07-10,https://www.tiktok.com/@3t.smart.robot.tn/video/7660855134213180679,Đâu mới là sự lựa chọn hàng đầu dành cho gia đình bạn #robothutbui #qrevo2pro #roborock #fyp #robothutbuilaunhathainguyen ,364,3,0
2026-07-10,3t.smart.robot.tn,qrevo 2 pro,2026-07-09,https://www.tiktok.com/@3t.smart.robot.tn/video/7660676462822935826,07.07 này là đã biết đi đâu rồi đó #robothutbui #robothutbuilaunhathainguyen #qrevo2pro #roborock #fyp,373,1,0
2026-07-10,thietbibepan,qrevo 2 pro,2026-07-10,https://www.tiktok.com/@thietbibepan/video/7660754481725836562,Nhẹ nhàng lướt qua nhau #qrevo2pro #Roborock #robothutbui ,395,9,1
2026-07-10,thietbibepan,qrevo 2 pro,2026-07-10,https://www.tiktok.com/@thietbibepan/video/7660700044315659527,Qrevo2 pro sự khác biệt trong cùng phân khúc #qrevo2pro #Roborock #robothutbui ,207,4,0
2026-07-10,thietbibepan,qrevo 2 pro,2026-07-10,https://www.tiktok.com/@thietbibepan/video/7660698676767018247,Để dép ở lại không được đưa ra ngoài #qrevo2pro #Roborock #robothutbui ,354,4,0
2026-07-10,thurobot88,qrevo 2 pro,2026-07-09,https://www.tiktok.com/@thurobot88/video/7660587495742278933,Tính năng để lại giẻ lau khi robot đi hút bụi sẽ giúp thảm  không bị ướt trong quá trình robot làm việc #Qrevo2Pro #Roborock #robothutbui,177,6,0
2026-07-10,phanthulan715,qrevo 2 pro,2026-07-10,https://www.tiktok.com/@phanthulan715/video/7660835795540004117,Chưa chọn được mẫu nào ưng thì qua em nha các bác #Qrevo2Pro #roborock #robothutbui #smarthomephutho #NhaThongMinh ,114,10,2
2026-07-10,phanthulan715,qrevo 2 pro,2026-07-10,https://www.tiktok.com/@phanthulan715/video/7660824262122523924,Các bác biết chọn gì cho nhà mình chưa ạ #Qrevo2Pro #roborock #robothutbui #smarthomephutho ,175,7,0
2026-07-10,phanthulan715,qrevo 2 pro,2026-07-10,https://www.tiktok.com/@phanthulan715/video/7660747866427641108,Vẫn chưa biết chọn robot nào phù hợp cho gia đình thì qua em nha #Qrevo2Pro #roborock #robothutbui #smarthomephutho #xuhuong ,129,9,3
2026-07-10,phanthulan715,qrevo 2 pro,2026-07-10,https://www.tiktok.com/@phanthulan715/video/7660716972161830164,Ghé đi! Ghé đi! Ghé shop em đi còn nhiều quà của trải nghiệm tháng 7 nha các bác #Qrevo2Pro #roborock #robothutbui #smarthomephutho #xuhuong ,152,11,0
2026-07-10,nc.nh.qu.robot,qrevo 2 pro,2026-07-10,https://www.tiktok.com/@nc.nh.qu.robot/video/7660851524767091988,Mời quý vị xem để biết nhà mình hợp em nào #Qrevo2pro #robothutbui #roborock #f25ultra #quyrobot ,168,4,2
2026-07-10,momimart.vn,qrevo 2 pro,2026-07-10,https://www.tiktok.com/@momimart.vn/video/7660811772676361493,"#RobotHutBui #Roborock #Qrevo2Pro #Momimart #Roborock Qrevo 2 Pro là dòng robot hút bụi lau nhà thuộc phân khúc cận cao cấp, nổi bật với khả năng làm sạch vượt trội và mức độ tự động hóa cực kỳ cao:  Hiệu suất làm sạch cực khủng: Sở hữu lực hút HyperForce lên tới 25.000 Pa kết hợp với hệ thống chổi chính DuoDivide và chổi cạnh dạng vòm cho khả năng chống rối tóc gần như tuyệt đối.  Lau nhà sát mép: Công nghệ FlexiArm Edge Mopping cho phép giẻ lau xoay (tốc độ 200 vòng/phút) tự động mở rộng, áp sát mép tường với khoảng cách chỉ 1.85 mm, giúp bao phủ toàn bộ các góc khuất.  Xử lý thảm thông minh: Robot tự động nâng giẻ lau lên 12mm hoặc thậm chí tự động tháo rời giẻ tại dock trước khi đi hút bụi trên thảm, đảm bảo thảm không bao giờ bị ẩm ướt.  Dock sạc toàn năng: Tự động đổ bụi, tự châm nước, giặt giẻ bằng khí nóng và sấy khô bằng khí ấm 45°C để khử mùi, hạn chế tối đa việc phải vệ sinh thủ công (rảnh tay lên đến 65 ngày).  Điều hướng chính xác: Sử dụng hệ thống tránh vật cản Reactive Tech giúp né tránh đồ nội thất, dây điện mượt mà và hỗ trợ kết nối qua app Roborock (tương thích chuẩn Matter).",164,1,0
2026-07-10,momimart.vn,qrevo 2 pro,2026-07-10,https://www.tiktok.com/@momimart.vn/video/7660742603058482453,#RobotHutBui #Momimart #Roborock #Qrevo2Pro ở khu vực Thảo điền Quận 2 thì nên mua robot ở đâu??,265,5,2
2026-07-10,momimart.vn,qrevo 2 pro,2026-07-10,https://www.tiktok.com/@momimart.vn/video/7660723908009561365,Đến ngay cửa hàng Momimart để được trải nghiệm Qrevo 2 Pro và nhận nhiều quà tặng hấp dẫn nhé ạ   #RobotHutBui #Roborock #Qrevo2Pro #Momimart ,215,4,0
2026-07-10,xiaomi.phu.tho,qrevo 2 pro,2026-07-10,https://www.tiktok.com/@xiaomi.phu.tho/video/7660845191305383175,"Qua shop trải nghiệm nhận quà thui ạ 🎁🎁🎁 🏠 Số 05 Nguyễn Du, Nông Trang, Việt Trì, Phú Thọ #roborock #qrevo2pro #robotlaunha #robothutbui #xiaomiphutho ",315,9,0
2026-07-10,xiaomi.phu.tho,qrevo 2 pro,2026-07-10,https://www.tiktok.com/@xiaomi.phu.tho/video/7660833597250751751,"Sản phẩm đang được trưng bày tại Xiaomi Phú Thọ 🚘 Các bác qua shop xem nha: 05 Nguyễn Du, Nông Trang, Việt Trì ạ #qrevo2pro #robothutbui #robotlaunha #roborock #xiaomiphutho ",277,6,0
2026-07-10,xiaomi.phu.tho,qrevo 2 pro,2026-07-10,https://www.tiktok.com/@xiaomi.phu.tho/video/7660756036101475591,"Bỏ qua em này là tiếc lắm nha các bác 🤩 🚘 qua luôn Xiaomi Phú Thọ: 05 Nguyễn Du, Nông Trang, Việt Trì để trải nghiệm ạ 😍 #qrevo2pro #robotlaunha #robothutbui #roborock #xiaomiphutho ",231,3,0
2026-07-11,tigerbot.smarthome,qrevo 2 pro,2026-07-11,https://www.tiktok.com/@tigerbot.smarthome/video/7661125651956534549,So sánh robot hút bụi và cây lau nhà  #robothutbui #qrevo2pro #roborock ,334,6,1
2026-07-11,.hng0863,qrevo 2 pro,2026-07-11,https://www.tiktok.com/@.hng0863/video/7661184898564230421,Tự nhiên thấy suy thấy lụy mà thấy hợp cảnh quá trời😆😆#Roborock #Qrevo2Pro #Robothutbui #thietbithongminh ,408,4,0
2026-07-11,.hng0863,qrevo 2 pro,2026-07-11,https://www.tiktok.com/@.hng0863/video/7661180385392463124,Cùng mình tìm hiểu thêm tính năng của Roborock Quevo 2 Pro nhé #Roborock #Qrevo2Pro #Robothutbui #thietbithongminh ,366,3,0
2026-07-11,3t.smart.robot.tn,qrevo 2 pro,2026-07-10,https://www.tiktok.com/@3t.smart.robot.tn/video/7660887258148457736,"Từ ngày có em sen robot, nhà lúc nào cũng sạch bong. Hàng xóm bàn tán còn nhiều hơn chuyện giá vàng. Chị em mê sạch mà chưa biết chọn robot nào thì đừng lướt qua! #VuaRobot #Robothutbuilaunhathainguyen #Qrevo2Pro #roborockthainguyen #Nhasach",391,3,0
2026-07-11,mivietnam_chuyengiarobot,qrevo 2 pro,2026-07-11,https://www.tiktok.com/@mivietnam_chuyengiarobot/video/7661212940925668628,"Cuối tuần này bạn đã biết đi đâu chưa? 👀 Nếu đang muốn trải nghiệm robot hút bụi ""xịn"" trước khi xuống tiền thì đây là dịp không nên bỏ lỡ! Đến trực tiếp các chi nhánh tại Mi Việt Nam, trải nghiệm Roborock Qrevo 2 Pro hoặc Roborock F25 Ultra, bạn sẽ được tặng thêm những phần quà chính hãng từ Roborock như balo, bình giữ nhiệt, túi đeo chéo, mũ, dù, gấu bông... 🎁 📍 Áp dụng tại tất cả chi nhánh Mi Việt Nam 📅 07/07 - 31/07/2026 Hẹn bạn cuối tuần này tại Mi Việt Nam nhé💙 #mivietnam #chuyengiarobothutbui #Roborock #mayhutbuilausan",580,10,0
2026-07-11,thurobot88,qrevo 2 pro,2026-07-11,https://www.tiktok.com/@thurobot88/video/7661209574782881045,Quay Clip quảng cáo ❌ Phá cửa hàng ✅ 🤣🤣🤣 #Qrevo2Pro #Roborock #robothutbui,264,20,2
2026-07-11,phanthulan715,qrevo 2 pro,2026-07-11,https://www.tiktok.com/@phanthulan715/video/7661156138116779284,Cuối tuần rồi qua em trải nghiệm nha các bác #Qrevo2Pro #roborock #robothutbui #smarthomephutho ,149,5,0
2026-07-11,phanthulan715,qrevo 2 pro,2026-07-11,https://www.tiktok.com/@phanthulan715/video/7661143571449318677,Shop em sẵn nha các bác qua em trải nghiệm ạ #Qrevo2Pro #roborock #robothutbui #smarthomephutho ,104,4,0
2026-07-11,phanthulan715,qrevo 2 pro,2026-07-10,https://www.tiktok.com/@phanthulan715/video/7660881959463259413,Ghé Smarthome Phú Thọ trải nghiệm thực tế robot và chổi lau nhà roborock nha các bác #Qrevo2Pro #roborock #robothutbui  #smarthomephutho ,166,6,0
2026-07-11,nc.nh.qu.robot,qrevo 2 pro,2026-07-11,https://www.tiktok.com/@nc.nh.qu.robot/video/7661206808031251732,lắp đặt và hướng dẫn tại nhà #Qrevo2pro #robothutbui #roborock #quyrobot #xuhuongtiktok ,153,2,2
2026-07-11,nc.nh.qu.robot,qrevo 2 pro,2026-07-11,https://www.tiktok.com/@nc.nh.qu.robot/video/7661105481154563349,Xem là mê- mà mê là chốt #Qrevo2pro #robothutbui #roborock #quyrobot #xuhuongtiktok ,155,9,2
2026-07-11,bothome_robotgialai,qrevo 2 pro,2026-07-11,https://www.tiktok.com/@bothome_robotgialai/video/7661189581924207880,Đu trend biến hình ra Qrevo 2 Pro 😛 #Qrevo2Pro #Roborock #robothutbui  ,1017,27,4
2026-07-11,bothome_robotgialai,qrevo 2 pro,2026-07-11,https://www.tiktok.com/@bothome_robotgialai/video/7661144227564342535,Theo dõi máy làm việc thực tế qua app  #Qrevo2Pro #Roborock #robothutbui ,184,6,1
2026-07-11,bothome_robotgialai,qrevo 2 pro,2026-07-11,https://www.tiktok.com/@bothome_robotgialai/video/7661088902647680263,Bạn phân vân khi có quá nhiều mẫu máy robot hút bụi ⁉️💥 BOT Home sẽ giúp bạn lựa chọn robot phù hợp với gia đình #Qrevo2Pro #Roborock #robothutbui  ,169,8,1
2026-07-11,hatechz,qrevo 2 pro,2026-07-11,https://www.tiktok.com/@hatechz/video/7661196321335954706,Ghé Hatechz sờ tận tay - rinh ngay siêu phẩm cùng nhiều món quà nhỏ xing iu ❤️ #robothutbui #qrevo2pro #roborock #F25Ultra #f25series ,35,1,0
2026-07-11,hatechz,qrevo 2 pro,2026-07-11,https://www.tiktok.com/@hatechz/video/7661174527149264136,Một lựa chọn vừa túi cho các bác ạ 💕 #qrevo2pro #roborock #qrevo #viral #robothutbui ,149,2,1
2026-07-11,momimart.vn,qrevo 2 pro,2026-07-11,https://www.tiktok.com/@momimart.vn/video/7661150208344018196,#RobotHutBui #Roborock #Qrevo2Pro #Momimart ,214,4,0
2026-07-11,momimart.vn,qrevo 2 pro,2026-07-11,https://www.tiktok.com/@momimart.vn/video/7661136584531578132,Nên chọn mua robot nào hiệu quả?#RobotHutBui #Roborock #Qrevo2Pro #curv2flow #Momimart ,213,3,2
2026-07-11,momimart.vn,qrevo 2 pro,2026-07-11,https://www.tiktok.com/@momimart.vn/video/7661119084867767573,Hãy đến cửa hàng Momimart để trải nghiệm sản phẩm mới của Roborock xem có đáng sở hữu nó không nhé mn ơi…quà trải nghiệm vẫn đang ngập tràn #RobotHutBui #Roborock #Qrevo2Pro #Momimart ,189,5,0
2026-07-11,robothutbuiductrong,qrevo 2 pro,2026-07-11,https://www.tiktok.com/@robothutbuiductrong/video/7661135733352041749,"Không chỉ nhìn thông số, H&T SmartHome luôn test thực tế để xem Roborock Qrevo 2 Pro làm sạch đến đâu. Với lực hút lên đến 25.000Pa cùng giẻ lau xoay kép, Qrevo 2 Pro mang lại hiệu quả làm sạch ấn tượng ngay trong những tình huống thực tế.   🎥 Xem hết video để thấy khả năng làm sạch của Qrevo 2 Pro có đúng như kỳ vọng không nhé! 📩 Muốn trải nghiệm trực tiếp hoặc cần tư vấn, cứ nhắn H&T SmartHome Đức Trọng để được hỗ trợ. #Robotlaunha #qrevo2pro #roborock #robotductrong #reviewrobot ",141,0,0
2026-07-11,robothutbuiductrong,qrevo 2 pro,2026-07-10,https://www.tiktok.com/@robothutbuiductrong/video/7660921507715075348,"Bạn đang phân vân có nên mua robot hút bụi lau nhà? Đừng chỉ xem video – hãy đến trực tiếp trải nghiệm sức mạnh của Roborock Qrevo 2 Pro! ✨ Tận mắt kiểm chứng: ✅ Lực hút HyperForce 25.000Pa siêu mạnh ✅ Giẻ lau cạnh FlexiArm™ tự động mở rộng sát mép tường và chân nội thất, chăm kỹ những vị trí thường dễ bị bỏ sót ✅ Chổi chống rối, cực hợp nhà có tóc dài & thú cưng ✅ Khay giặt tự làm sạch thế hệ 2 giúp dock sạch lâu hơn, giảm công sức vệ sinh định kỳ ✅ Tự động tháo rời giẻ lau trước khi làm sạch thảm, giúp hạn chế bẩn chéo và giữ thảm luôn khô ráo ✅  Dock đa năng tự giặt và sấy sau mỗi chu trình, để robot luôn sẵn sàng cho lần làm sạch tiếp theo 🔥 Đặc biệt khi mua máy tại sự kiện: 🎁 Nhận ngay ưu đãi cực hấp dẫn 🎁 Tặng thêm nhiều phần quà giá trị chỉ dành cho khách đến tham gia trải nghiệm. 🎁 Được tư vấn trực tiếp để chọn đúng mẫu máy phù hợp với nhu cầu. 📍 Đến trải nghiệm miễn phí – Cảm nhận thực tế – Săn ưu đãi lớn – Quà mang về liền tay! 👉 Inbox ngay để nhận thông tin chi tiết chương trình.  #Robotlaunha #roborock #qrevo2pro #robotductrong #reviewrobot ",359,4,0
2026-07-11,xiaomi.phu.tho,qrevo 2 pro,2026-07-11,https://www.tiktok.com/@xiaomi.phu.tho/video/7661195487575362834,Deal này chưa sâu còn deal nào sâu hơn cho Qrevo 2 pro nữa ạ  #qrevo2pro #robothutbui #roborock #robotlaunha #xiaomiphutho ,183,4,2
2026-07-11,homebotvietnam,qrevo 2 pro,2026-07-11,https://www.tiktok.com/@homebotvietnam/video/7661151281343483157,"Nhà sạch hơn mà mình lại nhàn hơn ✨🤖 Qrevo 2 Pro lo từ hút đến lau, để bạn dành thời gian cho những điều quan trọng hơn! 🏡💙 #Qrevo2Pro #Roborock #robothutbui #ReviewCongNghe #NhaThongMinh",241,3,0
2026-07-12,.hng0863,qrevo 2 pro,2026-07-12,https://www.tiktok.com/@.hng0863/video/7661509710729743637,Thêm 1 tính năng muốn khách hàng hiểu rõ hơn về em Quevo 2pro#Roborock #Qrevo2Pro #Robothutbui #thietbithongminh ,421,6,0
2026-07-12,thietbibepan,qrevo 2 pro,2026-07-12,https://www.tiktok.com/@thietbibepan/video/7661427932539260180,Không muốn robot gặp lỗi thường xuyên thì không nên bỏ qua video này #qrevo2pro #roborock #robothutbui ,538,5,2
2026-07-12,thietbibepan,qrevo 2 pro,2026-07-11,https://www.tiktok.com/@thietbibepan/video/7661305885108555028,Lưu ý để không mất tiền oan khi dùng robot lau nhà #qrevo2pro #roborock #robothutbui ,343,3,0
2026-07-12,thietbibepan,qrevo 2 pro,2026-07-11,https://www.tiktok.com/@thietbibepan/video/7661305749364034836,Mùa nồm ẩm robot tự động có hiệu quả không #qrevo2pro #roborock #robothutbui ,513,10,1
2026-07-12,thietbibepan,qrevo 2 pro,2026-07-11,https://www.tiktok.com/@thietbibepan/video/7661250883543518472,Đâu là lựa chọn phù hợp cho ngôi nhà của bạn #qrevo2pro #Roborock #robothutbui ,436,5,0
2026-07-12,thietbibepan,qrevo 2 pro,2026-07-11,https://www.tiktok.com/@thietbibepan/video/7661249160171064583,Qrevo2 Pro thách thức mọi ngóc ngách #qrevo2pro #Roborock #robothutbui ,335,3,0
2026-07-12,thietbibepan,qrevo 2 pro,2026-07-11,https://www.tiktok.com/@thietbibepan/video/7661245395942509842,Trải nghiệm khi chưa có robot lau nhà và khi có robot lau nhà #qrevo2pro #Roborock #robothutbui  ,446,3,0
2026-07-12,thurobot88,qrevo 2 pro,2026-07-12,https://www.tiktok.com/@thurobot88/video/7661469978004180244,Không gian trải nghiệm chuyên nghiệp tại: ____________ ROBOROCK STORE BUÔN MA THUỘT 🏠 Số 29 Trần Phú - Phường Buôn Ma Thuột - Tỉnh Đăk Lăk. #Qrevo2Pro #Roborock #robothutbui #robotlaunhadaklak ,191,6,0
2026-07-12,thurobot88,qrevo 2 pro,2026-07-11,https://www.tiktok.com/@thurobot88/video/7661312931505720596,#Qrevo2Pro #Roborock #robothutbui,232,7,2
2026-07-12,thurobot88,qrevo 2 pro,2026-07-11,https://www.tiktok.com/@thurobot88/video/7661272339232886037,Khách em đã xài 3 đời nhà Roborock - review về sản phẩm. #Qrevo2Pro #Roborock #robothutbui,182,3,0
2026-07-12,thurobot88,qrevo 2 pro,2026-07-11,https://www.tiktok.com/@thurobot88/video/7661255680904531221,#Qrevo2Pro #Roborock #robothutbui,139,3,0
2026-07-12,thurobot88,qrevo 2 pro,2026-07-11,https://www.tiktok.com/@thurobot88/video/7661249311178919189,Em mời Anh/chị ghé trải nghiệm máy tại showroom: ___________ ROBOROCK STORE BUÔN MA THUỘT 🏠 Số 29 Trần Phú - Phường Buôn Ma Thuột - Tỉnh Đăk Lăk. ☎️ 0964.642.842 - 097.664.9388 #Qrevo2Pro #Roborock #robothutbui #robotlaunhadaklak ,190,9,0
2026-07-12,thurobot88,qrevo 2 pro,2026-07-11,https://www.tiktok.com/@thurobot88/video/7661231784289537300,#Qrevo2Pro #Roborock #robothutbui,177,5,0
2026-07-12,quyrobot,qrevo 2 pro,2026-07-11,https://www.tiktok.com/@quyrobot/video/7661298317313248519,Qrevo 2 pro bình xuyên vĩnh phúc cũ #suarobothutbui #qrevo2pro #quyrobot #robothutbui #roborock ,167,3,0
2026-07-12,phanthulan715,qrevo 2 pro,2026-07-12,https://www.tiktok.com/@phanthulan715/video/7661602014954016021,Cứ gọi là hót hòn họt luôn ạ #Qrevo2Pro #roborock #robothutbui #smarthomephutho #xuhướng ,183,5,1
2026-07-12,phanthulan715,qrevo 2 pro,2026-07-12,https://www.tiktok.com/@phanthulan715/video/7661473046783364373,Roborock Qrevo 2 Pro chiến binh tầm trung siêu đỉnh qua em trải nghiệm nha các bác #Qrevo2Pro #roborock #robothutbui #smarthomephutho #nhathongminh ,172,5,2
2026-07-12,phanthulan715,qrevo 2 pro,2026-07-11,https://www.tiktok.com/@phanthulan715/video/7661307834373508373,Qua em nha các bác #Qrevo2Pro #roborock #robothutbui #smarthomephutho #nhathongminh ,145,6,7
2026-07-12,phanthulan715,qrevo 2 pro,2026-07-11,https://www.tiktok.com/@phanthulan715/video/7661303356194852116,Có robot cái rảnh cả ngày luôn #Qrevo2Pro #roborock #robothutbui #smarthomephutho #xuhuong ,149,7,2
2026-07-12,bothome_robotgialai,qrevo 2 pro,2026-07-12,https://www.tiktok.com/@bothome_robotgialai/video/7661598736014986504,Các hai yêu ghé BOT để nhận tùm lum quà nha 😝😝 #Qrevo2Pro #Roborock #robothutbui ,755,27,2
2026-07-12,bothome_robotgialai,qrevo 2 pro,2026-07-12,https://www.tiktok.com/@bothome_robotgialai/video/7661520928689376519,"Đã có đệ tử, dễ gì tui phải dọn nhà 😝 #Qrevo2Pro #Roborock #robothutbui  ",662,23,5
2026-07-12,hatechz,qrevo 2 pro,2026-07-12,https://www.tiktok.com/@hatechz/video/7661450885398105352,Quà xing iu đã lên kệ chờ mọi ngừi ghé ạ 🫶🏻 #robothutbui #roborock #qrevo2pro #F25Ultra #f25series ,407,7,6
2026-07-12,momimart.vn,qrevo 2 pro,2026-07-12,https://www.tiktok.com/@momimart.vn/video/7661542089586396437,#RobotHutBui #Roborock #Qrevo2Pro #Momimart ,298,1,0
2026-07-12,momimart.vn,qrevo 2 pro,2026-07-12,https://www.tiktok.com/@momimart.vn/video/7661503102960405781,#RobotHutBui #Roborock #Qrevo2Pro ##Momimart ,507,0,0
2026-07-12,momimart.vn,qrevo 2 pro,2026-07-12,https://www.tiktok.com/@momimart.vn/video/7661443193581341973,Nhà có nhiều đồ thì có Sài robot được không?#RobotHutBui #Roborock #Qrevo2Pro #Momimart ,380,1,0
2026-07-12,robothutbuiductrong,qrevo 2 pro,2026-07-12,https://www.tiktok.com/@robothutbuiductrong/video/7661605943527869716,"Video hướng dẫn cài app Qrevo 2 Pro. Đơn giản, chi tiết mà ai cũng làm được nhé cả nhà #Roborock #Qrevo2pro #Robotlaunha #huongdancaidat #RobotDucTrong",295,6,0
2026-07-12,robothutbuiductrong,qrevo 2 pro,2026-07-11,https://www.tiktok.com/@robothutbuiductrong/video/7661289962519809300,"“Robot hay cây đẩy?” – Câu hỏi khiến nhiều gia đình đau đầu hơn cả… tối nay ăn gì! 🤣 Thực ra chẳng có sản phẩm nào thắng sản phẩm nào cả. ✅ Nhà nhiều người đi làm, muốn lúc nào về cũng thấy sàn sạch → Robot  ✅ Nhà có con nhỏ, thú cưng, hay đổ nước, rơi cơm, bẩn bất chợt → Cây đẩy  👉 Đừng mua theo trend. 👉 Đừng mua vì người khác khen. Hãy mua vì nó phù hợp với chính gia đình mình. Còn nếu điều kiện cho phép… Robot lo việc hằng ngày, cây đẩy xử lý việc phát sinh. Hai đứa này không phải đối thủ, mà là đồng đội. 😆 #roborock #qrevo2pro #robotlaunha #f25ultra #trainghiemthucte ",186,2,0
2026-07-12,xiaomi.phu.tho,qrevo 2 pro,2026-07-11,https://www.tiktok.com/@xiaomi.phu.tho/video/7661243254192475399,ai mà tìm hiểu robot mà bỏ qua thì tiếc cho Qrevo 2 pro lắm đó ạ #qrevo2pro #roborock #robotlaunha #robothutbui #xiaomiphutho ,355,4,1
2026-07-13,longrobot_284,qrevo 2 pro,2026-07-13,https://www.tiktok.com/@longrobot_284/video/7661927210483223829,"Lại là người đầu tiên, đập hộp sản phẩm mới của Roborock, lần này là bạn Qrevo 2 Pro, dự kiến là tâm điểm nửa cuối năm 2026 đây ạ!😍 #roborock #robothutbuilaunha #qrevo2pro #reviewrobot #longrobot",224,4,0
2026-07-13,phanthulan715,qrevo 2 pro,2026-07-12,https://www.tiktok.com/@phanthulan715/video/7661639131579043093,Chọn qrevo 2 pro uy tín luôn ạ #Qrevo2Pro #roborock #robothutbui #smarthomephutho #xuhướng ,217,6,0
2026-07-13,bothome_robotgialai,qrevo 2 pro,2026-07-13,https://www.tiktok.com/@bothome_robotgialai/video/7661862783620762887,Test lực hút của Roborock Qrevo 2 Pro #Qrevo2Pro #Roborock #robothutbui ,200,4,0
2026-07-13,robothutbuiductrong,qrevo 2 pro,2026-07-13,https://www.tiktok.com/@robothutbuiductrong/video/7661994026698198292,"Bên mình luôn có sẵn những mẫu robot hút bụi lau nhà HOT nhất tại kho, không cần chờ order, không phải đợi cả tuần mới có máy. ✅ Hàng sẵn kho ✅ Xem máy trực tiếp ✅ Chốt là có thể lắp đặt ngay trong ngày (khi sắp xếp được lịch) Cần robot là có robot. Muốn nhà sạch là bên mình lên đường ngay! 🚗✨ Inbox để được tư vấn mẫu phù hợp và đặt lịch lắp đặt nhanh nhất nhé! #Roborock #Qrevo2pro #Robotlaunha #f25ultra✨ #qrevoedge2 ",212,3,0
2026-07-13,xiaomi.phu.tho,qrevo 2 pro,2026-07-13,https://www.tiktok.com/@xiaomi.phu.tho/video/7661963630685998354,lực hút đỉnh 25000pa phân khúc tầm trung khó bỏ qua Qrevo 2 pro có sẵn tại Xiaomi Phú Thọ ạ   #qrevo2pro #robothutbui #robotlaunha #roborock #xiaomiphutho ,440,3,4
2026-07-14,thietbibepan,qrevo 2 pro,2026-07-14,https://www.tiktok.com/@thietbibepan/video/7662251037633285384,Quà tặng bất ngờ #qrevo2pro #Roborock #robothutbui ,183,5,0
2026-07-14,thurobot88,qrevo 2 pro,2026-07-13,https://www.tiktok.com/@thurobot88/video/7662057108481019157,TEST Thực tế Roborock Qrevo 2 Pro khi leo thảm chùi chân #htsmarthome #roborock #robothutbui #Qrevo2Pro #robotlaunhadaklak ,620,8,4
2026-07-14,thurobot88,qrevo 2 pro,2026-07-13,https://www.tiktok.com/@thurobot88/video/7662052868844686613,Tớ thân hình phụ nữ chứ mà về khoản nghịch phá thì mấy ổng thua xa. 🤣🤣 #roborock #Qrevo2Pro #robothutbui ,258,6,0
2026-07-14,thurobot88,qrevo 2 pro,2026-07-13,https://www.tiktok.com/@thurobot88/video/7662051722814033172,#robothutbui #Qrevo2Pro #roborock ,225,3,0
2026-07-14,thurobot88,qrevo 2 pro,2026-07-13,https://www.tiktok.com/@thurobot88/video/7662045528770809108,Thông số pin của #roborock #Qrevo2Pro #robothutbui ,141,1,0
2026-07-14,thurobot88,qrevo 2 pro,2026-07-13,https://www.tiktok.com/@thurobot88/video/7662044493251726612,Chi tiết từng bộ phận #robothutbui #roborock #Qrevo2Pro ,294,11,0
2026-07-14,thurobot88,qrevo 2 pro,2026-07-13,https://www.tiktok.com/@thurobot88/video/7662042762996452628,Rất ấn tượng về cách sắp xếp các bộ phận của #roborock #Qrevo2Pro #robothutbui ,494,11,2
2026-07-14,thurobot88,qrevo 2 pro,2026-07-13,https://www.tiktok.com/@thurobot88/video/7662040418091044116,Cùng mình khám phá bên trong #roborock  #robothutbui #Qrevo2Pro có gì nhé. ,440,11,0
2026-07-14,phanthulan715,qrevo 2 pro,2026-07-13,https://www.tiktok.com/@phanthulan715/video/7662029235443240213,Ghé shop em trải nghiệm thực tế nha các bác #Qrevo2Pro #roborock #robothutbui #smarthomephutho ,248,7,0
2026-07-14,phanthulan715,qrevo 2 pro,2026-07-13,https://www.tiktok.com/@phanthulan715/video/7662020010134539541,Qrevo 2 pro xử lý vết bẩn dễ dàng #Qrevo2Pro #roborock #robothutbui #smarthomephutho ,404,7,0
2026-07-14,xiaomi.phu.tho,qrevo 2 pro,2026-07-14,https://www.tiktok.com/@xiaomi.phu.tho/video/7662298436829515026,Bác nào muốn test hút tóc xem chống dối chổi chính không ạ. để em xin cmt bên dưới nhé ạ  #qrevo2pro #robothutbui #roborock #robotlaunha #xuhuong ,444,3,3
2026-07-14,xiaomi.phu.tho,qrevo 2 pro,2026-07-14,https://www.tiktok.com/@xiaomi.phu.tho/video/7662220442446351624,Các bác muốn test thêm tính năng gì cmt bên dưới em làm nhé ạ  #qrevo2pro #robothutbui #roborock #robotlaunha #xiaomiphutho ,324,4,2
2026-07-15,.hng0863,qrevo 2 pro,2026-07-15,https://www.tiktok.com/@.hng0863/video/7662603103866244372,"Chắc là robot lau không sạch đâu. Làm sao mà nó ghi nhớ đuo2cj. Đây là những câu nói mk khách nói khi nghe về Robot hút bụi lau nhà. Và đây chắc không sạch đâu🤭🤭 em cho khách thấy sự chăm chỉ,sạch sẽ và khả năng ghi nhớ của Roborock🥰🥰🥰#Roborock #Qrevo2Pro #Robothutbui #thietbithongminh ",394,1,0
2026-07-15,.hng0863,qrevo 2 pro,2026-07-15,https://www.tiktok.com/@.hng0863/video/7662599216698494228,Làm cái video giới thiệu QUevo 2pro mà thấy hơn phim hành động😆😆#Roborock #Qrevo2Pro #Robothutbui #thietbithongminh ,331,3,0
2026-07-27,3t.smart.robot.tn,qrevo 2 pro,2026-07-15,https://www.tiktok.com/@3t.smart.robot.tn/video/7662703051794435346,QRevo 2 Pro có gì mà lại được lòng mọi người đến vậy. Thử xem nhé #robothutbui #qrevo2pro #roborock #fyp #3tsmart ,324,2,1
2026-07-15,3t.smart.robot.tn,qrevo 2 pro,2026-07-15,https://www.tiktok.com/@3t.smart.robot.tn/video/7662571805814639890,Hướng dẫn cách giảm stress #robothutbui #qrevo2pro #roborock #3tsmart ,381,9,0
2026-07-15,phanthulan715,qrevo 2 pro,2026-07-15,https://www.tiktok.com/@phanthulan715/video/7662706826248506645,Như này các chị đẹp đã ưng em chưa ạ #Qrevo2Pro #roborock #robothutbui #smarthomephutho #xuhuong ,300,6,0
2026-07-15,phanthulan715,qrevo 2 pro,2026-07-15,https://www.tiktok.com/@phanthulan715/video/7662691854332218645,Roborock Qrevo 2 Pro chiến binh tầm trung đáng lưu tâm #Qrevo2Pro #roborock #robothutbui #smarthomephutho #xuhuong ,138,10,2
2026-07-15,phanthulan715,qrevo 2 pro,2026-07-15,https://www.tiktok.com/@phanthulan715/video/7662591587871902997,Với 25.000 Pa Qrevo 2 pro làm được những gì #Qrevo2Pro #roborock #robothutbui #smarthomephutho #xuhuong ,302,3,2
2026-07-15,phanthulan715,qrevo 2 pro,2026-07-14,https://www.tiktok.com/@phanthulan715/video/7662405485471042837,Dọn nhà không còn là vấn  nan giải khi có roborock qrevo 2 pro #Qrevo2Pro #roborock #robothutbui #smarthomephutho #xuhướng ,397,8,0
2026-07-15,phanthulan715,qrevo 2 pro,2026-07-14,https://www.tiktok.com/@phanthulan715/video/7662383873250217237,Tìm hiểu các tính năng làm sạch của qrevo 2 pro #Qrevo2Pro #roborock #robothutbui #smarthomephutho ,125,3,0
2026-07-15,phanthulan715,qrevo 2 pro,2026-07-14,https://www.tiktok.com/@phanthulan715/video/7662367285104971029,Các bác nào còn thắc mắc là nhà nhiều đồ có dùng được robot không thì qua em trải nghiệm thực tế nhé #Qrevo2Pro #roborock #robothutbui #smarthomephutho ,332,3,0
2026-07-15,nc.nh.qu.robot,qrevo 2 pro,2026-07-15,https://www.tiktok.com/@nc.nh.qu.robot/video/7662598767866252564,Cứ sắm e sen là hết cãi nhau các bác ạ. #Qrevo2pro #roborock #robothutbui #quyrobot ,126,2,0
2026-07-15,bothome_robotgialai,qrevo 2 pro,2026-07-15,https://www.tiktok.com/@bothome_robotgialai/video/7662561459939069192,Ok chị iuu 😝 mời khách ghé BOT trải nghiệm sản phẩm ạ #Qrevo2Pro #Roborock #robothutbui #robothutbuiGiaLai ,223,5,0
2026-07-15,bothome_robotgialai,qrevo 2 pro,2026-07-14,https://www.tiktok.com/@bothome_robotgialai/video/7662402343652183314,Test độ làm sạch của robot  #Qrevo2Pro #Roborock #robothutbui #robothutbuiGiaLai ,189,6,0
2026-07-15,momimart.vn,qrevo 2 pro,2026-07-15,https://www.tiktok.com/@momimart.vn/video/7662560798732012820,Mắc roborock Edge 2 là mắc bán chạy nhất của nhà bên em luôn nhé an#RobotHutBui #Roborock #Qrevo2Pro #Momimart #edge2 ,137,0,0
2026-07-15,momimart.vn,qrevo 2 pro,2026-07-14,https://www.tiktok.com/@momimart.vn/video/7662368026364300565,Kỹ thuật có kinh nghiệm 8 năm trong nghề hướng dẫn lắp đặt máy tại nhà khách. Roborock#RobotHutBui #Roborock #Qrevo2Pro #Momimart ,168,2,0
2026-07-15,robothutbuiductrong,qrevo 2 pro,2026-07-14,https://www.tiktok.com/@robothutbuiductrong/video/7662366026897624340,"🚨 Đừng mua robot hay máy hút bụi cầm tay một cách mơ hồ! Rất nhiều khách hàng đã từng chọn theo review, theo quảng cáo hoặc theo lời giới thiệu… nhưng đến khi trải nghiệm thực tế mới nhận ra: mình suýt mua nhầm! 🔥 Từ 15/07, H&T Smart Home Đức Trọng mở chương trình TRẢI NGHIỆM THỰC TẾ. Đến để: ✅ Test trực tiếp robot hút bụi và máy hút bụi cầm tay. ✅ So sánh khả năng làm sạch trên nhiều loại bề mặt. ✅ Được tư vấn đúng nhu cầu, không mua dư tính năng, không lãng phí tiền. Chỉ cần trải nghiệm vài phút, bạn sẽ biết đâu mới là lựa chọn phù hợp nhất cho gia đình mình. 📍 H&T Smart Home Đức Trọng 🏠 384 Thống Nhất ⚠️ Đừng để đến khi đã mua rồi mới biết: “Giá như mình đến trải nghiệm trước!” #Roborock #Qrevo2pro #Robotlaunha #f25ultra✨ #trainghiemthucte ",424,5,0
2026-07-15,xiaomi.phu.tho,qrevo 2 pro,2026-07-15,https://www.tiktok.com/@xiaomi.phu.tho/video/7662680383766416648,"Qrevo 2 pro phân khúc giá tầm trung nhưng có tính năng như dòng 20tr 🤩 🚘 Các bác qua 05 Nguyễn Du, Nông Trang, Việt Trì trải nghiệm nhé ạ  #qrevo2pro #robothutbui #robotlaunha #roborock #xuhuong ",206,4,0
2026-07-15,xiaomi.phu.tho,qrevo 2 pro,2026-07-15,https://www.tiktok.com/@xiaomi.phu.tho/video/7662597427123211528,"Giặt giẻ nước nóng, tự vệ sinh dock sạc mà giá hơn 12 đồng 😳 Qua luôn 05 Nguyễn Du, Nông Trang, Việt Trì trải nghiệm mua sắm đơn vị to uy tín luôn ạ  #qrevo2pro #roborock #robothutbui #robotlaunha #xuhuong ",426,5,0
2026-07-15,xiaomi.phu.tho,qrevo 2 pro,2026-07-14,https://www.tiktok.com/@xiaomi.phu.tho/video/7662535498015051026,"có robot nhàn tênh luôn, ko có thấy mệt liền.  #qrevo2pro #robothutbui #roborock #xuhuong #xiaomiphutho ",363,5,0
2026-07-15,homebotvietnam,qrevo 2 pro,2026-07-14,https://www.tiktok.com/@homebotvietnam/video/7662393380043066644,"Ai bận rộn chắc sẽ mê em này! ⏰🤖 Dọn nhà thông minh, tiết kiệm thời gian mỗi ngày. ✨🏠 #Qrevo2Pro #Roborock #robothutbui #SmartHome #ReviewCongNghe",401,0,0
2026-07-27,.hng0863,qrevo 2 pro,2026-07-16,https://www.tiktok.com/@.hng0863/video/7662997467893353749,Thay vì phải đau lưng lau nhà thì mình chọn chill chill ngồi nhìn con sen nó lau nhà đi thôi🤭🤭#Roborock #Qrevo2Pro #Robothutbui #thietbithongminh ,372,2,0
2026-07-27,.hng0863,qrevo 2 pro,2026-07-16,https://www.tiktok.com/@.hng0863/video/7662993805758565653,#Roborock #Qrevo2Pro #Robothutbui #thietbithongminh ,251,1,0
2026-07-27,thietbibepan,qrevo 2 pro,2026-07-16,https://www.tiktok.com/@thietbibepan/video/7663024544826969352,Nhìn là mê ngay thiết kế này #qrevo2pro #Roborock #robothutbui ,161,6,0
2026-07-27,thietbibepan,qrevo 2 pro,2026-07-16,https://www.tiktok.com/@thietbibepan/video/7662916180155338004,Ưu và nhược điểm của Robot hút bụi lau nhà tự động và robot hút bụi lau nhà cầm tay #qrevo2pro #roborock #robothutbui ,152,3,0
2026-07-27,thurobot88,qrevo 2 pro,2026-07-15,https://www.tiktok.com/@thurobot88/video/7662759839638113556,Black or white? #roborock #robothutbui #Qrevo2Pro #robotlaunhadaklak ,206,8,0
2026-07-16,thurobot88,qrevo 2 pro,2026-07-15,https://www.tiktok.com/@thurobot88/video/7662747537794731284,#CapCut #robothutbui #roborock #Qrevo2Pro ,188,8,0
2026-07-27,thurobot88,qrevo 2 pro,2026-07-15,https://www.tiktok.com/@thurobot88/video/7662746458482920725,#Qrevo2Pro #robotlaunhadaklak #robothutbui #roborock ,178,6,0
2026-08-06,phanthulan715,qrevo 2 pro,2026-07-16,https://www.tiktok.com/@phanthulan715/video/7663055009147653396,Cứ gọi là không chê vào đâu được ạ #Qrevo2Pro #roborock #robothutbui #smarthomephutho #xuhướng ,128,4,0
2026-08-06,phanthulan715,qrevo 2 pro,2026-07-16,https://www.tiktok.com/@phanthulan715/video/7662947057757392149,Các bác đã biết tháo lắp chổi chính của robot chưa ạ #Qrevo2Pro #roborock #robothutbui #smarthomephutho #xuhướng ,153,1,0
2026-07-16,phanthulan715,qrevo 2 pro,2026-07-16,https://www.tiktok.com/@phanthulan715/video/7662941692269497621,Roborock Qrevo 2 Pro làm được gì với lực hút 25.000 pa #Qrevo2Pro #roborock #robothutbui #smarthomephutho #xuhuong ,270,3,0
2026-07-16,phanthulan715,qrevo 2 pro,2026-07-15,https://www.tiktok.com/@phanthulan715/video/7662736356698836245,Cứ gọi là ngon bổ tài chisnh trong tầm tay ạ #Qrevo2Pro #roborock #robothutbui #smarthomephutho #xuhuong ,183,6,0
2026-07-27,nc.nh.qu.robot,qrevo 2 pro,2026-07-16,https://www.tiktok.com/@nc.nh.qu.robot/video/7663081242031836437,Cứ nhấc e nó các bác nhé #Qrevo2pro #robothutbui #roborock #xuhuongtiktok #quyrobot ,124,4,0
2026-07-27,robothutbuiductrong,qrevo 2 pro,2026-07-16,https://www.tiktok.com/@robothutbuiductrong/video/7663075933972155669,"Không cần mức giá cao để sở hữu trải nghiệm dọn dẹp thông minh, trong những màn đấu với rác bụi và những thử thách trên sàn, Qrevo 2 Pro vô địch trong tầm giá khi sở hữu hàng loạt hiệu năng khủng: ✨ Lực hút HyperForce 25.000Pa mạnh mẽ, xử lý gọn từ bụi mịn, rác vụn đến tóc rụng và lông thú cưng ✨ Hệ thống chống rối toàn thân được chứng nhận, giúp duy trì hiệu suất làm sạch ổn định và giảm thiểu thao tác gỡ tóc thủ công ✨ Giẻ lau cạnh FlexiArm™ tự động mở rộng sát mép tường và chân nội thất, chăm kỹ những vị trí thường dễ bị bỏ sót ✨ Chổi cạnh đảo chiều thế hệ mới tối ưu khả năng gom bụi sát góc, tăng độ bao phủ làm sạch ✨ Tự động tháo rời giẻ lau trước khi làm sạch thảm, giúp hạn chế bẩn chéo và giữ thảm luôn khô ráo ✨  Khay giặt tự làm sạch thế hệ 2 giúp dock sạch lâu hơn, giảm công sức vệ sinh định kỳ ✨  Dock đa năng tự giặt và sấy sau mỗi chu trình, để robot luôn sẵn sàng cho lần làm sạch tiếp theo Bạn đã sẵn sàng cùng Qrevo 2 Pro nâng cúp cho chuẩn sống thảnh thơi mới ✨ #Roborock ##RobotDucTrong#Qrevo2Pro #roborock",223,2,0
2026-07-27,robothutbuiductrong,qrevo 2 pro,2026-07-15,https://www.tiktok.com/@robothutbuiductrong/video/7662759380080790804,"Robot ngon không thiếu, nhưng Qrevo 2 Pro là mẫu đáng để trải nghiệm trực tiếp nhất lúc này! Đừng mua robot chỉ qua video! Đến ngay H&T Smart Home Đức Trọng - 384 Thống Nhất trải nghiệm thực tế để thấy khác biệt về lực hút và khả năng lau nhà so với các dòng robot khác trước khi chọn mua nhé! #Roborock #Qrevo2pro #Robotlaunha #trainghiemthucte #RobotDucTrong ",372,2,6
2026-07-27,xiaomi.phu.tho,qrevo 2 pro,2026-07-16,https://www.tiktok.com/@xiaomi.phu.tho/video/7663081686124547335,"Qrevo 2 pro lực hút 25000pa giá chỉ hơn chục thôi 😳😳😳 🏠 Trải nghiệm tại Xiaomi Phú Thọ nhé các bác 🚘 05 Nguyễn Du, Nông Trang, Việt Trì ạ: 0862505508 #qrevo2pro #robothutbui #roborock #robotlaunha #xuhuong ",249,7,0
2026-08-06,nhadepbepxinh.camxuyen,qrevo 2 pro,2026-07-16,https://www.tiktok.com/@nhadepbepxinh.camxuyen/video/7662932971392994578,"Let go💪 🚗🏡 Hành trình đi lắp đặt Roborock Qrevo 2 Pro cho khách yêu! Mỗi đơn hàng không chỉ là giao máy, mà còn là mang đến một trải nghiệm sử dụng trọn vẹn. ❤️",239,5,0
2026-07-27,kimanh_1202,qrevo 2 pro,2026-07-17,https://www.tiktok.com/@kimanh_1202/video/7663394455847718165,👉Sở hữu lực hút tới 25.000Pa liệu có hot#Roborock #Qrevo2Pro #robothutbui #ahastore #xuhuong #trending #viralvideotiktok,159,2,0
2026-07-27,kimanh_1202,qrevo 2 pro,2026-07-17,https://www.tiktok.com/@kimanh_1202/video/7663394202142723349,🔥Cùng test lực hút cực khủng của Qrevo 2 Pro#Roborock #Qrevo2Pro #robothutbui #ahastore #xuhuong #trending #viralvideotiktok,161,7,0
2026-07-27,kimanh_1202,qrevo 2 pro,2026-07-17,https://www.tiktok.com/@kimanh_1202/video/7663393984106073365,🔥Chổi cạnh đảo chiều - Tự động xoè giẻ có gì hot#Roborock #Qrevo2Pro #robothutbui #ahastore #xuhuong #trending #viralvideotiktok,179,4,0
2026-07-27,kimanh_1202,qrevo 2 pro,2026-07-17,https://www.tiktok.com/@kimanh_1202/video/7663393743260618004,✅POV: Khi bạn lười chảy thây nhưng vẫn muốn nhà sạch#Roborock #Qrevo2Pro #robothutbui #ahastore #xuhuong #trending #viralvideotiktok,132,2,0
2026-07-27,kimanh_1202,qrevo 2 pro,2026-07-17,https://www.tiktok.com/@kimanh_1202/video/7663393379727854868,Qrevo 2 pro xử lý ngóc nghách như thế nào?#Roborock #Qrevo2Pro #robothutbui #ahastore #xuhuong #trending,150,4,0
2026-07-27,kimanh_1202,qrevo 2 pro,2026-07-17,https://www.tiktok.com/@kimanh_1202/video/7663331209589624085,✅POV: Bạn không cần làm mọi thứ vì đã có Qrevo 2 Pro#Roborock #Qrevo2Pro #robothutbui #ahastore #xuhuong #trending #viralvideotiktok,158,6,0
2026-07-27,kimanh_1202,qrevo 2 pro,2026-07-17,https://www.tiktok.com/@kimanh_1202/video/7663330690716585236,👉POV: Khi bạn vắng nhà#Roborock #Qrevo2Pro #robothutbui #ahastore #xuhuong #trending #viralvideotiktok,158,6,0
2026-07-27,kimanh_1202,qrevo 2 pro,2026-07-17,https://www.tiktok.com/@kimanh_1202/video/7663330572600642837,❓Vợ chồng cãi nhau vì việc dọn nhà....#Roborock #Qrevo2Pro #robothutbui #ahastore #xuhuong #trending,168,5,0
2026-07-27,kimanh_1202,qrevo 2 pro,2026-07-17,https://www.tiktok.com/@kimanh_1202/video/7663330347714628884,👉Giải pháp đi làm về còn không cần phải dọn dẹp..#Roborock #Qrevo2Pro #robothutbui #ahastore #xuhuong #trending,140,4,0
2026-07-27,kimanh_1202,qrevo 2 pro,2026-07-17,https://www.tiktok.com/@kimanh_1202/video/7663329977714216213,"🔥Nếu cần robot ngon, thử em này nhé....#Roborock #Qrevo2Pro #robothutbui #ahastore #xuhuong #trending",166,4,0
2026-07-27,.hng0863,qrevo 2 pro,2026-07-17,https://www.tiktok.com/@.hng0863/video/7663304399392869652,"Chủ vắng nhà là Robot dọn dẹp ngay😃😃😃 Không bao giờ than phiền hay khó chịu mà luôn ân cần,vui vẻ dọn dẹp🤭🤭🤭 #Roborock #Qrevo2Pro #Robothutbui #thietbithongminh ",491,3,0
2026-08-06,.hng0863,qrevo 2 pro,2026-07-16,https://www.tiktok.com/@.hng0863/video/7663110646178843925,"Theo mọi người, con robot này đang dọn nhà hay đang kéo cả tổ nhện đi du lịch? 🤣🕸️” #Roborock #Qrevo2Pro #robothutbui #thietbithongminh ",461,1,2
2026-07-27,.hng0863,qrevo 2 pro,2026-07-16,https://www.tiktok.com/@.hng0863/video/7663093365684112661,Còn chần chừ gì nữa😀😀😀 Cho e lên xu hướng đi mấy chị😆😆 Em bán Robot giá rẻ nà🥰🥰🥰🥰#Roborock #Qrevo2Pro #Robothutbui #thietbithongminh ,375,2,0
2026-07-27,3t.smart.robot.tn,qrevo 2 pro,2026-07-16,https://www.tiktok.com/@3t.smart.robot.tn/video/7663106921028734215,Có điều gì hay ở QRevo 2Pro? #robothutbui #roborock #qrevo2pro #fyp #3tsmart ,445,1,2
2026-07-27,3t.smart.robot.tn,qrevo 2 pro,2026-07-16,https://www.tiktok.com/@3t.smart.robot.tn/video/7663094834416291090,Có cô tiên dọn nhà giúp #robothutbui #roborock #qrevo2pro #fyp #3tsmart,368,2,0
2026-07-27,thurobot88,qrevo 2 pro,2026-07-17,https://www.tiktok.com/@thurobot88/video/7663463397580721429,Chụp hình em 2 Pro thì khép cái chân lại nha mí ní. Nó bóng nó soi gương được luôn á. 🤭 #Qrevo2Pro #roborock #robothutbui #robotlaunhadaklak ,210,4,0
2026-07-27,thurobot88,qrevo 2 pro,2026-07-17,https://www.tiktok.com/@thurobot88/video/7663459959610363157,Test thực tế #robothutbui #roborock #Qrevo2Pro hút tóc,217,7,6
2026-07-27,phanthulan715,qrevo 2 pro,2026-07-17,https://www.tiktok.com/@phanthulan715/video/7663452048561573140,Như này đã hài lòng các bác chưa ạ #robothutbui #roborock #Qrevo2Pro #smarthomephutho #nhathongminh ,134,7,0
2026-07-27,phanthulan715,qrevo 2 pro,2026-07-17,https://www.tiktok.com/@phanthulan715/video/7663366772220841236,Sàn nào thì em cũng cân được hết ạ #xuhuong #Qrevo2Pro #robothutbui #roborock #smarthomephutho ,153,6,0
2026-08-06,phanthulan715,qrevo 2 pro,2026-07-17,https://www.tiktok.com/@phanthulan715/video/7663355424074157332,Không chỉ ngon mà tài chính trong tầm tay nha các bác #xuhuong #Qrevo2Pro #robothutbui #roborock #smarthomephutho ,120,3,0
2026-07-27,phanthulan715,qrevo 2 pro,2026-07-17,https://www.tiktok.com/@phanthulan715/video/7663321914437455125,Hướng dẫn lắp lại phụ kiện robot sau khi tháo ra vệ sinh #roborock #robothutbuithongminh #Qrevo2Pro #smarthomephutho ,373,7,0
2026-07-27,phanthulan715,qrevo 2 pro,2026-07-16,https://www.tiktok.com/@phanthulan715/video/7663136340053298453,Từ khi có em sen gia đình hoà thuận hẳn #Qrevo2Pro #roborock #robothutbui #smarthomephutho #xuhướng ,395,5,0
2026-07-27,momimart.vn,qrevo 2 pro,2026-07-17,https://www.tiktok.com/@momimart.vn/video/7663402887036341525,"Nâng tầm trải nghiệm với Dock sạc đa năng! Sở hữu Roborock Qrevo 2 Pro là bạn đang sở hữu giải pháp giải phóng đôi tay tuyệt đối. Không cần tốn sức, Dock sạc đa năng sẽ tự động vận hành trọn gói mọi công đoạn chăm sóc robot và sàn nhà: 💧 Tự động châm nước: Robot tự quay về dock để bổ sung nước sạch khi cần, giúp duy trì hiệu quả lau dọn liên tục. 🧼 Tự động giặt sấy: Dock tự động giặt giẻ bằng khí nóng và sấy khô bằng khí ấm, giúp hạn chế mùi hôi và ẩm mốc. 🗑️ Tự động gom bụi: Bụi bẩn được chuyển từ robot vào túi chứa lớn, giúp giảm tần suất vệ sinh thủ công. Nâng cấp công nghệ, tận hưởng cuộc sống tiện nghi xứng tầm với bạn! ✨ #RoborockVietnam #Roborock #Qrevo2Pro#RobotHutBui #robothutbuiquan2 ",384,2,0
2026-07-27,momimart.vn,qrevo 2 pro,2026-07-17,https://www.tiktok.com/@momimart.vn/video/7663393180070579476,"QREVO 2 PRO - VÔ ĐỊCH TRONG TẦM GIÁ 🏆 Không cần mức giá cao để sở hữu trải nghiệm dọn dẹp thông minh, trong những màn đấu với rác bụi và những thử thách trên sàn, Qrevo 2 Pro vô địch trong tầm giá khi sở hữu hàng loạt hiệu năng khủng: ✨ Lực hút HyperForce 25.000Pa mạnh mẽ, xử lý gọn từ bụi mịn, rác vụn đến tóc rụng và lông thú cưng ✨ Hệ thống chống rối toàn thân được chứng nhận, giúp duy trì hiệu suất làm sạch ổn định và giảm thiểu thao tác gỡ tóc thủ công ✨ Giẻ lau cạnh FlexiArm™ tự động mở rộng sát mép tường và chân nội thất, chăm kỹ những vị trí thường dễ bị bỏ sót ✨ Chổi cạnh đảo chiều thế hệ mới tối ưu khả năng gom bụi sát góc, tăng độ bao phủ làm sạch ✨ Tự động tháo rời giẻ lau trước khi làm sạch thảm, giúp hạn chế bẩn chéo và giữ thảm luôn khô ráo ✨  Khay giặt tự làm sạch thế hệ 2 giúp dock sạch lâu hơn, giảm công sức vệ sinh định kỳ ✨  Dock đa năng tự giặt và sấy sau mỗi chu trình, để robot luôn sẵn sàng cho lần làm sạch tiếp theo Bạn đã sẵn sàng cùng Qrevo 2 Pro nâng cúp cho chuẩn sống thảnh thơi mới ✨ #Roborock #RoborockVietnam #robothutbuilaunhachinhhang ##robothutbuilaunhathongminh #Qrevo2Pro",372,2,0
2026-07-27,momimart.vn,qrevo 2 pro,2026-07-17,https://www.tiktok.com/@momimart.vn/video/7663388628449496340,"Nâng tầm trải nghiệm với Dock sạc đa năng! Sở hữu Roborock Qrevo 2 Pro là bạn đang sở hữu giải pháp giải phóng đôi tay tuyệt đối. Không cần tốn sức, Dock sạc đa năng sẽ tự động vận hành trọn gói mọi công đoạn chăm sóc robot và sàn nhà: 💧 Tự động châm nước: Robot tự quay về dock để bổ sung nước sạch khi cần, giúp duy trì hiệu quả lau dọn liên tục. 🧼 Tự động giặt sấy: Dock tự động giặt giẻ bằng khí nóng và sấy khô bằng khí ấm, giúp hạn chế mùi hôi và ẩm mốc. 🗑️ Tự động gom bụi: Bụi bẩn được chuyển từ robot vào túi chứa lớn, giúp giảm tần suất vệ sinh thủ công. Nâng cấp công nghệ, tận hưởng cuộc sống tiện nghi xứng tầm với bạn! ✨ #RoborockVietnam #Roborock #Qrevo2Pro#RobotHutBui ",180,3,0
2026-07-27,momimart.vn,qrevo 2 pro,2026-07-17,https://www.tiktok.com/@momimart.vn/video/7663357161237515540,Robot Qrevo 2 Pro không làm@Bạn Thất vọng#RobotHutBui #Roborock #Qrevo2Pro #trend ,409,5,6
2026-07-27,momimart.vn,qrevo 2 pro,2026-07-17,https://www.tiktok.com/@momimart.vn/video/7663334566941248789,#RobotHutBui #Roborock #Qrevo2Pro #Momimart ,378,0,0
2026-07-27,momimart.vn,qrevo 2 pro,2026-07-17,https://www.tiktok.com/@momimart.vn/video/7663331582580641044,Những lý do nên mua Robot Qrevo2Pro#RobotHutBui #Roborock #Qrevo2Pro #Momimart ,124,0,0
2026-07-27,robothutbuiductrong,qrevo 2 pro,2026-07-16,https://www.tiktok.com/@robothutbuiductrong/video/7663119936411454740,"POV: Khi bạn vắng nhà… 🏡🤖 Bạn đi làm. Bạn đưa con đi học. Bạn đi cà phê, gặp bạn bè hay vi vu cuối tuần. Đến khi bạn mở cửa trở về… Không còn cảnh sàn đầy bụi hay phải cầm chổi ngay sau giờ làm. Chỉ còn một căn nhà sạch sẽ, thơm tho và cảm giác được “đón về” sau một ngày dài. Đó là điều tuyệt vời nhất của robot hút bụi: không phải nó dọn nhà thay bạn, mà nó trả lại cho bạn nhiều thời gian hơn dành cho bản thân và gia đình. ❤️ 📍Trải nghiệm trực tiếp các dòng robot mới nhất tại H&T Smart Home Đức Trọng – 384 Thống Nhất.  #Roborock #Qrevo2Pro #Robotlaunha #trainghiemthucte #RobotDucTrong ",413,7,0
2026-07-27,xiaomi.phu.tho,qrevo 2 pro,2026-07-17,https://www.tiktok.com/@xiaomi.phu.tho/video/7663412387705261319,"Tìm hiểu mua robot mà bỏ qua em Qrevo 2 pro là tiếc lắm nha các bác 🚘 Ghé qua Xiaomi Phú Thọ trải nghiệm nhận quà ạ 🏠 05 Nguyễn Du, Nông Trang, Việt Trì nhé các bác  #qrevo2pro #robothutbui #roborock #robotlaunha #xiaomiphutho ",192,4,0
2026-07-27,xiaomi.phu.tho,qrevo 2 pro,2026-07-17,https://www.tiktok.com/@xiaomi.phu.tho/video/7663336181286915346,"Giá nhỉnh 12 củ, có sẵn tại shop trải nghiệm và ring em nó về nha các bác  #qrevo2pro #robothutbui #roborock #robotlaunha #xiaomiphutho ",215,7,0
2026-07-27,homebotvietnam,qrevo 2 pro,2026-07-17,https://www.tiktok.com/@homebotvietnam/video/7663437010949917973,Chỉ một chiếc robot nhưng xử lý cả đống việc trong nhà! 🤩🧹 Bạn chấm em này bao nhiêu điểm? 💬👇 #Qrevo2Pro #Roborock #robothutbui #NhaSach #ReviewCongNghe,442,5,0
2026-07-27,thuyduonggiadung,qrevo 2 pro,2026-07-18,https://www.tiktok.com/@thuyduonggiadung/video/7663811464016203015,Bàn giao và lắp đặt Robot lau nhà cho chị khách yêu Phường Chũ#roborock #qrevo2pro #robotlaunha #GiaDungThuyDuong,624,5,3
2026-08-06,.hng0863,qrevo 2 pro,2026-07-18,https://www.tiktok.com/@.hng0863/video/7663753251665366292,"Ngày bé cứ nghĩ nhà luôn sạch là vì mẹ thích dọn dẹp. Lớn lên mới hiểu, đó là vì mẹ chẳng có lựa chọn nào khác. Giờ công nghệ đã khác. Roborock Quevo 2Pro với lực hút 25.000Pa Để những người phụ nữ trong gia đình có thêm thời gian nghỉ ngơi thay vì dành hàng giờ cho việc lau dọn. Nhà sạch không phải đánh đổi bằng sự mệt mỏi. #Roborock #Qrevo2Pro #Robothutbui #thietbithongminh ",378,3,0
2026-07-27,.hng0863,qrevo 2 pro,2026-07-18,https://www.tiktok.com/@.hng0863/video/7663743038375677204,Giờ có gia tiên nào độ cho con bán lần 5 con Roborock Quevo 2 Pro là con mua heo về úng liền😆😆😆😆😆# #Roborock  #Qrevo2Pro  #Robothutbui  #thietbithongminh ,462,2,0
2026-07-27,.hng0863,qrevo 2 pro,2026-07-17,https://www.tiktok.com/@.hng0863/video/7663503149243632916,Cùng mình vệ sinh em Roborock Quevo 2 pro nhé❤️❤️❤️#Roborock #Qrevo2Pro #robothutbui #thietbithongminh ,535,8,0
2026-07-27,thietbibepan,qrevo 2 pro,2026-07-18,https://www.tiktok.com/@thietbibepan/video/7663709706468248850,Ông cha ta đã nói #qrevo2pro #Roborock #robothutbui ,153,1,0
2026-08-06,thietbibepan,qrevo 2 pro,2026-07-17,https://www.tiktok.com/@thietbibepan/video/7663490061631048967,Vệ sinh Qrevo 2 Pro #qrevo2pro #Roborock #robothutbui ,194,6,1
2026-07-27,xiaomitiengiang.vn,qrevo 2 pro,2026-07-17,https://www.tiktok.com/@xiaomitiengiang.vn/video/7663517065793391892,"#roborock2pro #xiaomitiengiang #robotxiaomitiengiang #robotthongminhhutbuiban #tivixiaomithongminh  robot Roborock Qrevo 2 Pro mã mới, lau nhà và hút bụi thông minh🥰",120,2,0
2026-07-27,thurobot88,qrevo 2 pro,2026-07-17,https://www.tiktok.com/@thurobot88/video/7663487409463577877,Cảm ơn khách iu đã luôn ủng hộ shop em #robotlaunhadaklak #robothutbui #roborock #Qrevo2Pro ,267,9,0
2026-07-27,phanthulan715,qrevo 2 pro,2026-07-18,https://www.tiktok.com/@phanthulan715/video/7663700018708090132,Cũng hưởng ứng world Cup ạ #robothutbui #Qrevo2Pro #roborock #xuhuong #smarthomephutho ,274,8,0
2026-07-27,phanthulan715,qrevo 2 pro,2026-07-17,https://www.tiktok.com/@phanthulan715/video/7663640270642171156,Cần tìm 1 em robot ngon thì Qrevo 2 Pro không thể bỏ qua ạ #robothutbui #roborock #Qrevo2Pro #smarthomephutho #xuhuong ,205,8,2
2026-07-27,phanthulan715,qrevo 2 pro,2026-07-17,https://www.tiktok.com/@phanthulan715/video/7663500377538563348,Trải nghiệm cái mua luôn giao lắp em Qrevo 2 Pro cho chị đẹp #robothutbui #roborock #Qrevo2Pro #smarthomephutho #xuhuong ,398,10,15
2026-07-27,nc.nh.qu.robot,qrevo 2 pro,2026-07-18,https://www.tiktok.com/@nc.nh.qu.robot/video/7663819236254469397,#quyrobot #Qrevo2pro #roborock #robothutbui #xuhuongtiktok ,115,2,0
2026-08-06,robothutbuiductrong,qrevo 2 pro,2026-07-17,https://www.tiktok.com/@robothutbuiductrong/video/7663509818367560981,"Có những sản phẩm không cần nói quá nhiều, trải nghiệm một lần là đủ để quyết định. 📍 Ghé H&T Smart Home Đức Trọng – 384 Thống Nhất để tự mình trải nghiệm và chọn đúng thiết bị phù hợp với gia đình nhé! #Roborock #Qrevo2Pro #trainghiemthucte #Robotlaunha #f25ultra✨ ",422,1,0
2026-07-27,xiaomi.phu.tho,qrevo 2 pro,2026-07-18,https://www.tiktok.com/@xiaomi.phu.tho/video/7663699976798735634,Săn sale mùa WORLD CUP cùng Qrevo 2 Pro nhé  #qrevo2pro #robothutbui #roborock #robotlaunha #xuhuong ,188,2,0
2026-08-06,homesmediant99,qrevo 2 pro,2026-07-19,https://www.tiktok.com/@homesmediant99/video/7664043460101426439,Mẫu robot nhà Roborock đang được săn đón hiện nay #Roborock#qrevo2pro#robothutbui #mediahomesnhatrang ,181,1,1
2026-07-19,.hng0863,qrevo 2 pro,2026-07-19,https://www.tiktok.com/@.hng0863/video/7664094568580926740,"Ghé trực tiếp cửa hàng để trải nghiệm thực tế Roborock Qrevo 2 Pro ạ. Bên em sẽ tư vấn chi tiết các tính năng, hướng dẫn sử dụng và giải đáp mọi thắc mắc để anh/chị dễ dàng lựa chọn sản phẩm phù hợp. #Roborock #Qrevo2Pro #robothutbui #thietbithongminh ",328,4,0
2026-07-19,.hng0863,qrevo 2 pro,2026-07-18,https://www.tiktok.com/@.hng0863/video/7663870285048794389,Cùng mình vệ sinh cho cục cưng nhé🤭🤭🤭 Cục cưng này chạy bằng pin chớ ngoan và thông minh lắm🥰🥰 #Roborock #Qrevo2Pro #robothutbui #thietbithongminh ,372,0,0
2026-07-27,3t.smart.robot.tn,qrevo 2 pro,2026-07-19,https://www.tiktok.com/@3t.smart.robot.tn/video/7664178629961731335,Unbox QRevo 2Pro cùng 3T SMART #robothutbui #roborock #qrevo2pro #fyp #3tsmart ,384,5,0
2026-07-27,thietbibepan,qrevo 2 pro,2026-07-19,https://www.tiktok.com/@thietbibepan/video/7664195254064647431,Khả năng xoè dẻ lau sát cạnh hiệu quả #qrevo2pro #Roborock #robothutbui ,170,3,0
2026-07-27,thietbibepan,qrevo 2 pro,2026-07-19,https://www.tiktok.com/@thietbibepan/video/7664152106927951112,Test khả năng lau hút Qrevo2 Pro #qrevo2pro #Roborock #robothutbui ,397,3,0
2026-07-27,thietbibepan,qrevo 2 pro,2026-07-19,https://www.tiktok.com/@thietbibepan/video/7664149893119888648,Test làm sạch với tương ớt #qrevo2pro #Roborock #robothutbui ,396,2,1
2026-07-27,thietbibepan,qrevo 2 pro,2026-07-19,https://www.tiktok.com/@thietbibepan/video/7664145698937425159,Tháo lắp robot có dễ không #qrevo2pro #Roborock #robothutbui ,423,1,0
2026-07-27,thietbibepan,qrevo 2 pro,2026-07-19,https://www.tiktok.com/@thietbibepan/video/7664133102645611794,Qrevo 2 pro quét cạnh hóc hiệu quả#qrevo2pro #Roborock #robothutbui ,417,6,0
2026-07-27,phanthulan715,qrevo 2 pro,2026-07-19,https://www.tiktok.com/@phanthulan715/video/7664163515120323860,Done em qrevo 2 pro cho khách yêu #robothutbui #Qrevo2Pro #robothutbui #xuhuong ,169,4,0
2026-07-27,phanthulan715,qrevo 2 pro,2026-07-18,https://www.tiktok.com/@phanthulan715/video/7663870941709045012,Chiến thần lực hút giá tầm trung không thể bỏ qua #robothutbui #Qrevo2Pro #roborock #xuhuong #xuhuong ,171,4,2
2026-07-27,momimart.vn,qrevo 2 pro,2026-07-19,https://www.tiktok.com/@momimart.vn/video/7664137979606174996,#RobotHutBui #RoborockVietnam #robothutbuiquan2 #Qrevo2Pro #Roborock ,185,1,0
2026-08-06,momimart.vn,qrevo 2 pro,2026-07-19,https://www.tiktok.com/@momimart.vn/video/7664125393594535189,#RoborockVietnam #RobotHutBui #robothutbuiquan2 #Qrevo2Pro #Roborock ,142,2,0
2026-07-27,momimart.vn,qrevo 2 pro,2026-07-19,https://www.tiktok.com/@momimart.vn/video/7664123562436889876,#RoborockVietnam #RobotHutBui #robothutbuiquan2 #Qrevo2Pro ,152,2,0
2026-07-27,momimart.vn,qrevo 2 pro,2026-07-18,https://www.tiktok.com/@momimart.vn/video/7663885617536830740,"1. Giảm bớt đồ đạc không dùng tới trong vòng 1/2 năm. Bạn hãy tin mình đi hơn 1/2 đồ đạc trong nhà là hơn 2-3 năm rồi mình không dùng đến 2. Hay sắm các thiết bị thông minh, giúp rút ngắn thời gian dọn dẹp lại#RoborockVietnam #RobotHutBui #robothutbuiquan2 #Qrevo2Pro #Momimart ",439,1,0
2026-07-27,momimart.vn,qrevo 2 pro,2026-07-18,https://www.tiktok.com/@momimart.vn/video/7663878901826997525,#RoborockVietnam #Roborock #Qrevo2Pro ,342,2,0
2026-07-19,momimart.vn,qrevo 2 pro,2026-07-18,https://www.tiktok.com/@momimart.vn/video/7663878304650349845,Tiếp tục seri giao 2 em Robot về 2 nhà khách gần nhau. Robot Qrevo S Pro#RoborockVietnam #Roborock #Qrevo2Pro ,362,1,0
2026-07-27,tigerbot.smarthome,qrevo 2 pro,2026-07-19,https://www.tiktok.com/@tigerbot.smarthome/video/7664235129853775125,Fan anh Messi #roborock#qrevo2pro #robothutbui#worldcup2026🏆,386,7,0
2026-07-27,3t.smart.robot.tn,qrevo 2 pro,2026-07-20,https://www.tiktok.com/@3t.smart.robot.tn/video/7664537475943025938,Khách hàng đến trải nghiệm trực tiếp tại cửa hàng và chốt ngay 1 em Qrevo 2 Pro  #Qrevo2Pro #Roborock #robothutbui #3tsmart ,355,2,0
2026-08-06,3t.smart.robot.tn,qrevo 2 pro,2026-07-20,https://www.tiktok.com/@3t.smart.robot.tn/video/7664534659556019464,Khách hàng sau khi được tư vấn và trải nghiệm thực tế đã chốt đơn luôn🥰 #Qrevo2Pro #Roborock #robothutbui #3tsmart ,387,1,0
2026-07-27,3t.smart.robot.tn,qrevo 2 pro,2026-07-20,https://www.tiktok.com/@3t.smart.robot.tn/video/7664522197632830728,#Qrevo2Pro #Roborock #robothutbui #3tsmart ,363,3,0
2026-07-20,3t.smart.robot.tn,qrevo 2 pro,2026-07-20,https://www.tiktok.com/@3t.smart.robot.tn/video/7664521273258691858,Giao QRevo 2Pro cùng 3T SMART #Qrevo2Pro #Roborock #robothutbui #3tsmart ,351,3,0
2026-08-06,3t.smart.robot.tn,qrevo 2 pro,2026-07-20,https://www.tiktok.com/@3t.smart.robot.tn/video/7664518454531165458,Chiếc robot được khách hàng tin dùng #Qrevo2Pro #Roborock #robothutbui #3tsmart ,341,2,0
2026-07-27,mistorebienhoa,qrevo 2 pro,2026-07-20,https://www.tiktok.com/@mistorebienhoa/video/7664445841675078933,Các bác thấy sao hay để lại bình luận cho em biết với nhé 😘#mistorebienhoa #roborock #robothutbui #qrevo2pro ,195,3,2
2026-07-27,robothutbuiductrong,qrevo 2 pro,2026-07-19,https://www.tiktok.com/@robothutbuiductrong/video/7664217914542738708,"Khách chốt luôn COMBO: Robot lau nhà Qrevo 2 Pro + Robot lau kính 🤩 ✔️Một chiếc robot hút bụi lau nhà lo sàn nhà sạch bóng. ✔️Một chiếc robot lau kính giúp cửa kính trong veo mà không cần leo trèo nguy hiểm. ✨ Chỉ một lần đầu tư, cả ngôi nhà được chăm sóc từ sàn đến kính. Cảm ơn gia đình Thầy Hoàn và cô Sao Trần đã tin tưởng lựa chọn combo robot tại H&T Smart Home Đức Trọng nghen. 📍 Robot luôn có sẵn tại cửa hàng, không cần chờ order. ✅ Trải nghiệm trực tiếp trước khi mua. ✅ Hướng dẫn sử dụng tận tình. ✅ Hỗ trợ lắp đặt và bảo hành nhanh chóng. Đừng mua theo quảng cáo, hãy đến trải nghiệm để chọn đúng chiếc robot phù hợp nhất với ngôi nhà của bạn! 📍 H&T Smart Home – 384 Thống Nhất, Đức Trọng #Roborock #Qrevo2Pro #Robotlaunha #RobotDucTrong #lapdattannoi ",388,3,0
2026-07-27,.hng0863,qrevo 2 pro,2026-07-21,https://www.tiktok.com/@.hng0863/video/7664871694196116756,Tui chọn tận hưởng🫢🫢🫢 Còn mấy bà chọn gì😂😂😂😂😂#Roborock #Qrevo2Pro #robothutbui #thietbithongminh ,429,3,0
2026-08-06,.hng0863,qrevo 2 pro,2026-07-21,https://www.tiktok.com/@.hng0863/video/7664848549317709076,Mỗi ngày em chọn một niềm vui🥰🥰 Và hôm nay niềm vui em chọn là nhận được sự yêu thương và tin tưởng của khách hàng như vậy thui❤️❤️❤️#Roborock #Qrevo2Pro #Robothutbui #thietbithongminh ,391,3,0
2026-08-06,3t.smart.robot.tn,qrevo 2 pro,2026-07-21,https://www.tiktok.com/@3t.smart.robot.tn/video/7664841853790948616,Robot hút bụi có thật sự chỉ là chiêu trò PR?  #Qrevo2Pro #Roborock #robothutbui,368,3,0
2026-07-27,3t.smart.robot.tn,qrevo 2 pro,2026-07-20,https://www.tiktok.com/@3t.smart.robot.tn/video/7664624521655110930,"Dù là hoàng tử hay công chúa thì khách chỉ cần chốt đơn là chúng em cũng sẵn sàng vào vị trí phục vụ tận nơi luôn ạ🛵🛵 Khách hàng để ý chúng em nhiều chút nhé ạ ❤️❤️ ━━━━━━━━━━━━━━ VUA ROBOT – 3T SMART ☎ Hotline: 0️⃣3️⃣6️⃣5️⃣ 319 688 📍 272 Phan Đình Phùng, TP. Thái Nguyên #3TSmart  #Qrevo2Pro #Roborock #robothutbui",471,3,0
2026-07-27,mistorebienhoa,qrevo 2 pro,2026-07-21,https://www.tiktok.com/@mistorebienhoa/video/7664802918696045845,Góc tư vấn giải đáp thắc mắc cho các anh chị đang phân vân chọn những mẫu mã hay thương hiệu nào sử dụng bền #robothutbui #roborock #mistorebienhoa #qrevo2pro ,545,39,0
2026-08-06,phanthulan715,qrevo 2 pro,2026-07-21,https://www.tiktok.com/@phanthulan715/video/7664929323555605781,Nhất định phải có 1 thứ nha các bác #roborock #Qrevo2Pro #robothutbui #smarthomephutho #xuhuong ,153,8,0
2026-07-27,phanthulan715,qrevo 2 pro,2026-07-21,https://www.tiktok.com/@phanthulan715/video/7664884038754143508,Màu trắng mẹ mắng cũng mua 🤭 #Qrevo2Pro #roborock #robothutbui #smarthomephutho #xuhuong ,136,4,3
2026-07-27,phanthulan715,qrevo 2 pro,2026-07-21,https://www.tiktok.com/@phanthulan715/video/7664864380932115733,Không có điểm chê luôn ạ #Qrevo2Pro #roborock #robothutbui #smarthomephutho ,161,5,2
2026-07-27,phanthulan715,qrevo 2 pro,2026-07-21,https://www.tiktok.com/@phanthulan715/video/7664805976142286101,Pov chị đẹp sau khi trải nghiệm Qrevo 2Pro #Qrevo2Pro #robothutbui #roborock #smarthomephutho #xuhuong ,130,5,0
2026-07-27,phanthulan715,qrevo 2 pro,2026-07-21,https://www.tiktok.com/@phanthulan715/video/7664804108993400084,Từ ngày biết đến roborock chú mới mua 6 con thôi #Qrevo2Pro #robothutbui #roborock #smarthomephutho #nhathongminh ,122,2,0
2026-07-27,phanthulan715,qrevo 2 pro,2026-07-21,https://www.tiktok.com/@phanthulan715/video/7664799422798204180,Chị đẹp dễ thương gì đâu #robothutbui #Qrevo2Pro #roborock #smarthomephutho #xuhuong ,336,1,2
2026-07-27,phanthulan715,qrevo 2 pro,2026-07-20,https://www.tiktok.com/@phanthulan715/video/7664630788620832021,Câu chuyện đáng iu với chị đẹp #robothutbui #Qrevo2Pro #roborock #smarthomephutho #xuhuong ,376,4,0
2026-07-27,phanthulan715,qrevo 2 pro,2026-07-20,https://www.tiktok.com/@phanthulan715/video/7664626822822317332,Lại thêm 1 em 2 Pro cho chị đẹp ở Văn Lang Sky #robothutbui #Qrevo2Pro #roborock #smarthomephutho ,197,3,2
2026-07-27,robothutbuiductrong,qrevo 2 pro,2026-07-20,https://www.tiktok.com/@robothutbuiductrong/video/7664652863259397396,✨ Feedback chân thật từ khách sau lần lau đầu tiên #Roborock #Qrevo2Pro #Robotlaunha #RobotDucTrong #trainghiemthucte ,223,3,0
2026-07-27,homebotvietnam,qrevo 2 pro,2026-07-20,https://www.tiktok.com/@homebotvietnam/video/7664646144634539285,"Dọn nhà chưa bao giờ ""chill"" đến vậy! 🤖✨ Xem Qrevo 2 Pro xử lý mọi thứ gọn gàng chỉ trong vài phút. 🏡💙 #Qrevo2Pro #Roborock #robothutbui #ReviewCongNghe #SmartHome",300,5,0
2026-07-21,hinhnendep7777,qrevo 2 pro,2026-07-21,https://www.tiktok.com/@hinhnendep7777/video/7664936936766754056,Trợ thủ khi bạn vắng nhà. #Roborock #Qrevo2Pro #robothutbui #gialai ,27,2,0
2026-07-27,hinhnendep7777,qrevo 2 pro,2026-07-21,https://www.tiktok.com/@hinhnendep7777/video/7664936537762647314,Top 5 thứ đang tiền mua nhất trong nhà  #Qrevo2Pro #Roborock #robothutbui #gialai ,14,1,0
2026-08-06,tigerbot.smarthome,qrevo 2 pro,2026-07-21,https://www.tiktok.com/@tigerbot.smarthome/video/7664989262433078549,Top 5 thứ đáng mua trong nhà  #robothutbui #roborock #qrevo2pro #woldcup2026#VINHLONG ,413,6,2
2026-07-22,.hng0863,qrevo 2 pro,2026-07-22,https://www.tiktok.com/@.hng0863/video/7665234962735533332,"Robot có thể “đình công”, nhưng shop thì không! 😄 Máy gặp lỗi cứ mang về, bảo hành có shop lo. Mua Roborock là mua cả sự yên tâm! 🤖#Roborock #Qrevo2Pro #Robothutbui #thietbithongminh ",381,1,0
2026-08-06,.hng0863,qrevo 2 pro,2026-07-21,https://www.tiktok.com/@.hng0863/video/7664991994996919572,"Tiền có thể mua hạnh phúc… Ít nhất là mua được Roborock Qrevo 2 Pro, để khỏi phải quét nhà mỗi ngày! 😍🤖 #Roborock #Qrevo2Pro #Robothutbui #thietbithongminh ",500,7,0
2026-07-27,.hng0863,qrevo 2 pro,2026-07-21,https://www.tiktok.com/@.hng0863/video/7664960629219839253,"Từng là một cô gái đầy nhiệt huyết, năng động. Sau 5 năm bắt đầu lại từ con số 0 với bán hàng và tư vấn lại. Nghĩ rằng mình không thể, nhưng cố gắng nỗ lực và thành quả của mình là sự tin tưởng của khách hàng. Ngày ngày nhận được lời khen của khách hàng❤️ Nhận được tình yêu thương của khách hàng❤️❤️❤️❤️ Mình thành công quá rực rỡ r đúng không mọi người!!! #Roborock #Qrevo2Pro #robothutbui #thietbithongminh ",365,4,0
2026-07-27,.hng0863,qrevo 2 pro,2026-07-21,https://www.tiktok.com/@.hng0863/video/7664955877694180628,Đừng ai đùa với cái gương soi của em Quevo 2 pro này nha🤣🤣🤣🤣🤣 Chụp ảnh nhớ khép khép lại nha mấy ní🤭🤭🤭#Roborock #Qrevo2Pro #robothutbui #thietbithongminh ,397,4,0
2026-07-27,3t.smart.robot.tn,qrevo 2 pro,2026-07-22,https://www.tiktok.com/@3t.smart.robot.tn/video/7665318694972673288,Hầu hết mọi người đều đã sở hữu cho mình 1 em Q Revo 2 Pro. Còn bạn thì sao? #Qrevo2Pro #Roborock #robothutbui #3tsmart ,403,4,4
2026-07-27,3t.smart.robot.tn,qrevo 2 pro,2026-07-22,https://www.tiktok.com/@3t.smart.robot.tn/video/7665314936570039560,Top 5 những thứ đáng mua cho nhà bạn #Qrevo2Pro #Roborock #robothutbui #3tsmart ,365,4,2
2026-07-27,3t.smart.robot.tn,qrevo 2 pro,2026-07-22,https://www.tiktok.com/@3t.smart.robot.tn/video/7665312754038836498,Trải nghiệm thực tế của khách tại cửa hàng #Qrevo2Pro #Roborock #robothutbui #3tsmart ,353,5,4
2026-07-22,mistorebienhoa,qrevo 2 pro,2026-07-22,https://www.tiktok.com/@mistorebienhoa/video/7665322502213651733,QR 2 Pro ra trận #roborock #mistorebienhoa #qrevo2pro #robothutbui ,586,46,0
2026-07-27,phanthulan715,qrevo 2 pro,2026-07-22,https://www.tiktok.com/@phanthulan715/video/7665257959307447572,Qrevo 2 pro quá hợp lý luôn ạ #roborock #Qrevo2Pro #robothutbui #smarthomephutho #xuhuong ,148,5,0
2026-08-06,phanthulan715,qrevo 2 pro,2026-07-22,https://www.tiktok.com/@phanthulan715/video/7665251541938474260,Nhạc nào em cũng chiều được luôn ạ #roborock #robothutbui #Qrevo2Pro #smarthomephutho #xuhuong ,293,4,0
2026-07-27,phanthulan715,qrevo 2 pro,2026-07-22,https://www.tiktok.com/@phanthulan715/video/7665184644320464148,Còn gì lăn tăn nữa ạ #roborock #Qrevo2Pro #robothutbui #smarthomephutho #xuhuong ,125,6,2
2026-07-27,robothutbuiductrong,qrevo 2 pro,2026-07-22,https://www.tiktok.com/@robothutbuiductrong/video/7665154123968302357,Mua Robot hút bụi để rảnh tay pha một ly cafe Laura 😆 #Roborock #Qrevo2Pro #Robotlaunha #RobotDucTrong #xuhuong,191,1,0
2026-07-27,robothutbuiductrong,qrevo 2 pro,2026-07-21,https://www.tiktok.com/@robothutbuiductrong/video/7664993003664182548,Không mua cũng phải mua 😆 #Roborock #Qrevo2Pro #Robotlaunha #RobotDucTrong #xuhuong  ,211,3,1
2026-07-27,tigerbot.smarthome,qrevo 2 pro,2026-07-23,https://www.tiktok.com/@tigerbot.smarthome/video/7665569884570389780,Bảo dưỡng robot  #qrevo2pro #robothutbui #roborock#vinhlong #dongthap ,323,3,1
2026-07-27,.hng0863,qrevo 2 pro,2026-07-23,https://www.tiktok.com/@.hng0863/video/7665614101850180885,"Người yêu có thể chưa có, nhưng robot dọn nhà thì nên có! 🤣 Roborock Qrevo 2 Pro lo từ hút bụi đến lau nhà, bạn chỉ việc nằm nghỉ. Ai cần “trợ lý việc nhà” thì inbox em ngay!  #Roborock #Qrevo2Pro #robothutbui #thietbithongminh ",343,4,1
2026-07-27,.hng0863,qrevo 2 pro,2026-07-23,https://www.tiktok.com/@.hng0863/video/7665610196600769812,Ý là bán Robot nhàn lắm các bác🤭🤭🤭  Ít là 3 là 4 chớ nhiều là 9 là 10 ghệ lận đó🤣🤣🤣 Nên các bác cứ nhiệt tình hỏi em đi🤭🤭🤭 Em làm clip giải đáp cho các bác từng cái lun🥰🥰🥰 Cmt cho em bận rộn đi ạ❤️❤️❤️❤️ #Roborock #Qrevo2Pro #robothutbui #thietbithongminh ,376,0,0
2026-07-27,longrobot_284,qrevo 2 pro,2026-07-23,https://www.tiktok.com/@longrobot_284/video/7665669646963559700,Gầm 12cm? Robot Qrevo 2 Pro chui hút lau vô tư nha!✌🏻 #roborock #robothutbuilaunha #qrevo2pro #longrobot #reviewrobot,237,5,0
2026-07-27,phanthulan715,qrevo 2 pro,2026-07-23,https://www.tiktok.com/@phanthulan715/video/7665666322595908884,Quá hợp lý luôn ạ #roborock #Qrevo2Pro #robothutbui #smarthomephutho #xuhuong ,147,2,0
2026-08-06,phanthulan715,qrevo 2 pro,2026-07-23,https://www.tiktok.com/@phanthulan715/video/7665644113248718101,Hàng hot về liên tục phục vụ khách yêu #roborock #Qrevo2Pro #robothutbui #smarthomephutho ,101,6,2
2026-07-27,robothutbuiductrong,qrevo 2 pro,2026-07-22,https://www.tiktok.com/@robothutbuiductrong/video/7665368075428203797,21h vẫn đi lắp robot cho khách là chuyện bình thường ở H&T Smart Home. 🚗✨ 📍H&T Smart Home Đức Trọng #Roborock #Qrevo2Pro #RobotHutBui #LapDatTanNoi #HTSmartHome   ,276,3,0
2026-07-27,.hng0863,qrevo 2 pro,2026-07-24,https://www.tiktok.com/@.hng0863/video/7665979501754469653,Thêm một tính năng cài đặt của Quevo 2 Pro cho mọi người đây ạ!!! #Roborock #Qrevo2Pro #robothutbui #thietbithongminh ,255,2,0
2026-07-24,.hng0863,qrevo 2 pro,2026-07-24,https://www.tiktok.com/@.hng0863/video/7665945031286607124,Cùng mình check báo lỗi đèn sáng đỏ trên robot nhé #Roborock #Qrevo2Pro #Robothutbui #thietbithongminh ,398,1,0
2026-07-27,3t.smart.robot.tn,qrevo 2 pro,2026-07-24,https://www.tiktok.com/@3t.smart.robot.tn/video/7665895793315876103,#Qrevo2Pro #Roborock #robothutbui #3tsmart ,383,2,0
2026-07-27,3t.smart.robot.tn,qrevo 2 pro,2026-07-23,https://www.tiktok.com/@3t.smart.robot.tn/video/7665698774488042760,#Qrevo2Pro #Roborock #robothutbui #3tsmart,371,3,0
2026-07-24,mistorebienhoa,qrevo 2 pro,2026-07-24,https://www.tiktok.com/@mistorebienhoa/video/7666029482502786324,"Còn ít quà, anh chị nào nhanh tay đến em rước robot về sẽ được tặng quà ạ#mistorebienhoa #robothutbui #qrevo2pro #roborock ",128,0,0
2026-08-06,phanthulan715,qrevo 2 pro,2026-07-23,https://www.tiktok.com/@phanthulan715/video/7665707747933031700,Bác bác đã biết làm sao để robot luôn bền mới chưa ạ #roborock #Qrevo2Pro #robothutbui #xuhuong #smarthomephutho ,417,8,0
2026-07-27,robothutbuiductrong,qrevo 2 pro,2026-07-23,https://www.tiktok.com/@robothutbuiductrong/video/7665753601993641237,Đèn trên dock đang báo gì? #Roborock #Qrevo2Pro #RobotHutBui #huongdansudung ,249,4,0
2026-07-27,3t.smart.robot.tn,qrevo 2 pro,2026-07-24,https://www.tiktok.com/@3t.smart.robot.tn/video/7666080376439262472,Top những lý do nên chọn Q Revo 2 Pro #Qrevo2Pro #Roborock #robothutbui #3tsmart ,377,3,0
2026-08-06,mistorebienhoa,qrevo 2 pro,2026-07-25,https://www.tiktok.com/@mistorebienhoa/video/7666281991779798293,Công nghệ đổi chiều chổi cạnh liệu có hiệu quả?#roborock #qrevo2pro #robothutbui #mistorebienhoa ,143,3,0
2026-07-27,.hng0863,qrevo 2 pro,2026-07-25,https://www.tiktok.com/@.hng0863/video/7666427796175998229,Mài nào cũng thấy em ấy sang và sáng😁😁😁#Roborock #Qrevo2Pro #robothutbui #thietbithongminh ,364,0,0
2026-07-26,mistorebienhoa,qrevo 2 pro,2026-07-26,https://www.tiktok.com/@mistorebienhoa/video/7666662109920431380,Unbox Robot hút bụi lau nhà Roborock Qrevo 2 Pro #mistorebienhoa #robothutbui #qrevo2pro #roborock ,11700,26,1
2026-07-26,phanthulan715,qrevo 2 pro,2026-07-26,https://www.tiktok.com/@phanthulan715/video/7666682737415376148,Còn đợi gì nữa các bác #roborock #Qrevo2Pro #robothutbui #xuhuong ,128,3,4
2026-08-06,momimart.vn,qrevo 2 pro,2026-07-26,https://www.tiktok.com/@momimart.vn/video/7666790803964022037,#Roborock #RoborockVietnam #Qrevo2Pro #RobotHutBui ,376,1,0
2026-07-27,momimart.vn,qrevo 2 pro,2026-07-26,https://www.tiktok.com/@momimart.vn/video/7666789595438304532,"🌌 QREVO 2 PRO | SỨ MỆNH NÂNG TẦM SỨC MẠNH DỌN DẸP TẦM TRUNG Không cần là flagship mới có trải nghiệm làm sạch vượt trội. Roborock Qrevo 2 Pro mang đến những trải nghiệm vượt trội vốn chỉ nên thuộc về phân khúc cao cấp: 🌪️ 25.000Pa lực hút mạnh mẽ, xử lý bụi mịn, tóc và mảnh vụn. 🌪️ FlexiArm + chổi cạnh đảo chiều làm sạch sát mép, sát góc. 🌪️ Hệ thống chống rối 3 lớp, giảm tóc quấn hiệu quả. 🌪️ Dock tự giặt giẻ, sấy nóng 45°C và làm sạch khay giặt. 🌪️ Tự tháo giẻ khi hút thảm, giữ thảm luôn khô ráo. 💫 Tầm trung nay đã cất cánh. Chuẩn sạch mới chính thức bắt đầu cùng Roborock Qrevo 2 Pro. #Roborock #RoborockVietnam #Qrevo2Pro #RobotHutBui ",404,3,0
2026-08-06,tigerbot.smarthome,qrevo 2 pro,2026-07-27,https://www.tiktok.com/@tigerbot.smarthome/video/7667175618991213845,#roborock#qrevo2pro#robothutbui#vinhlong#dongthap,195,9,1
2026-08-06,.hng0863,qrevo 2 pro,2026-07-27,https://www.tiktok.com/@.hng0863/video/7667168980959776021,Việc nhẹ ấy vậy mà mỗi lần vệ sinh em nó cứ thấy cuốn🤭🤭🤭#Qrevo2Pro #Roborock #robothutbui #thietbithongminh ,390,0,0
2026-08-06,.hng0863,qrevo 2 pro,2026-07-27,https://www.tiktok.com/@.hng0863/video/7667164693403946260,Thêm 1 mẹo vệ sinh nữa cho mọi người đây ạ!#Qrevo2Pro #Roborock #robothutbui #thietbithongminh ,500,5,0
2026-08-06,.hng0863,qrevo 2 pro,2026-07-27,https://www.tiktok.com/@.hng0863/video/7667160679186566420,Âm thanh chân thực từ việc dọn dẹp em Quevo 2 pro#Roborock  #Qrevo2Pro #robothutbui #thietbithongminh ,185,3,0
2026-07-27,.hng0863,qrevo 2 pro,2026-07-27,https://www.tiktok.com/@.hng0863/video/7667154244730146069,Cùng mình thay túi rác mới cho em Quevo 2 pro nhé🥰#Roborock #Qrevo2Pro #robothutbui #thietbithongminh ,403,2,0
2026-08-06,phanthulan715,qrevo 2 pro,2026-07-27,https://www.tiktok.com/@phanthulan715/video/7667180652566940948,Em ơi chị muốn dùng nước lau sàn khác được không? Câu trả lời trong video ạ #roborock #Qrevo2Pro #robothutbui #smarthomephutho #smarthomephutho ,447,6,0
2026-08-06,phanthulan715,qrevo 2 pro,2026-07-27,https://www.tiktok.com/@phanthulan715/video/7667169045547863316,Của bền tại người là có thật ạ #roborock #Qrevo2Pro #robothutbui #smarthomephutho #xuhuong ,138,4,2
2026-07-27,momimart.vn,qrevo 2 pro,2026-07-26,https://www.tiktok.com/@momimart.vn/video/7666831913105050900,"🌌 QREVO 2 PRO | SỨ MỆNH NÂNG TẦM SỨC MẠNH DỌN DẸP TẦM TRUNG Không cần là flagship mới có trải nghiệm làm sạch vượt trội. Roborock Qrevo 2 Pro mang đến những trải nghiệm vượt trội vốn chỉ nên thuộc về phân khúc cao cấp: 🌪️ 25.000Pa lực hút mạnh mẽ, xử lý bụi mịn, tóc và mảnh vụn. 🌪️ FlexiArm + chổi cạnh đảo chiều làm sạch sát mép, sát góc. 🌪️ Hệ thống chống rối 3 lớp, giảm tóc quấn hiệu quả. 🌪️ Dock tự giặt giẻ, sấy nóng 45°C và làm sạch khay giặt. 🌪️ Tự tháo giẻ khi hút thảm, giữ thảm luôn khô ráo. 💫 Tầm trung nay đã cất cánh. Chuẩn sạch mới chính thức bắt đầu cùng Roborock Qrevo 2 Pro. #Roborock #RoborockVietnam #Qrevo2Pro#RobotHutBui ",421,4,0
2026-07-27,robothutbuiductrong,qrevo 2 pro,2026-07-26,https://www.tiktok.com/@robothutbuiductrong/video/7666862105018027285,"Không cần là flagship mới có trải nghiệm làm sạch vượt trội. Roborock Qrevo 2 Pro mang đến những trải nghiệm vượt trội vốn chỉ nên thuộc về phân khúc cao cấp: 🌪️ 25.000Pa lực hút mạnh mẽ, xử lý bụi mịn, tóc và mảnh vụn. 🌪️ FlexiArm + chổi cạnh đảo chiều làm sạch sát mép, sát góc. 🌪️ Hệ thống chống rối 3 lớp, giảm tóc quấn hiệu quả. 🌪️ Dock tự giặt giẻ, sấy nóng 45°C và làm sạch khay giặt. 🌪️ Tự tháo giẻ khi hút thảm, giữ thảm luôn khô ráo. #Roborock #RoborockVietnam #Qrevo2Pro #robotductrong ",137,3,0
2026-07-27,homebotvietnam,qrevo 2 pro,2026-07-26,https://www.tiktok.com/@homebotvietnam/video/7666837364261621012,"Tiết kiệm thời gian dọn nhà để làm điều mình thích. ☕🏡 Qrevo 2 Pro đúng là ""chân ái"" cho người bận rộn! 🤖✨ #Qrevo2Pro #Roborock #robothutbui #SmartHome #TikTokMadeMeBuyIt",219,1,0
2026-08-06,hatechz,qrevo 2 pro,2026-07-27,https://www.tiktok.com/@hatechz/video/7667207149096881415,Quà tặng Qrevo 2 Pro #qrevo2pro #roborock #roborockvietnam #hatechz #quangtri,410,4,0
2026-08-06,xiaomi.phu.tho,qrevo 2 pro,2026-07-27,https://www.tiktok.com/@xiaomi.phu.tho/video/7667210944690277640,"Robot Qrevo 2 pro có sẵn tại shop  các KH qua shop xem trải nghiệm nha ạ  🚘🏠 Số 05 Nguyễn Du, Nông Trang, Việt Trì, Phú Thọ #qrevo2pro #robothutbui  #roborock #robotroborock #xuhuong ",402,2,0
2026-07-28,.hng0863,qrevo 2 pro,2026-07-28,https://www.tiktok.com/@.hng0863/video/7667444195656764693,Hô Lê hê lô các đồng môn Quevo 2pro #Roborock #Qrevo2Pro #Robothutbui #thietbithongminh ,411,2,0
2026-08-06,.hng0863,qrevo 2 pro,2026-07-28,https://www.tiktok.com/@.hng0863/video/7667440581517266197,Hãy dùng nước lau sàn chuyên dụng dành cho robot để robot hoạt động tốt và hiệu quả nhất nhé ạ #Roborock #Qrevo2Pro #Robothutbui #thietbithongminh ,378,1,3
2026-08-06,.hng0863,qrevo 2 pro,2026-07-28,https://www.tiktok.com/@.hng0863/video/7667405333274447124,Là một clip hề hước🤭🤭🤭🤭 #Roborock #Qrevo2Pro #robothutbui #thietbithongminh ,412,3,0
2026-08-06,3t.smart.robot.tn,qrevo 2 pro,2026-07-28,https://www.tiktok.com/@3t.smart.robot.tn/video/7667406333683076359,"Chỉ cần làm 5 điều này, robot của bạn có thể bền thêm vài năm🥰 #Qrevo2Pro #Roborock #robothutbui #3tsmart ",189,2,1
2026-07-28,3t.smart.robot.tn,qrevo 2 pro,2026-07-28,https://www.tiktok.com/@3t.smart.robot.tn/video/7667395341288738055,#Qrevo2Pro #Roborock #robothutbui #3tsmart ,230,5,0
2026-08-06,3t.smart.robot.tn,qrevo 2 pro,2026-07-27,https://www.tiktok.com/@3t.smart.robot.tn/video/7667220378070109458,Màu đèn báo trên dock sạc nói lên điều gì? Bạn đã biết chưa? #Qrevo2Pro #Roborock #robothutbui #3tsmart,370,3,0
2026-07-28,3t.smart.robot.tn,qrevo 2 pro,2026-07-27,https://www.tiktok.com/@3t.smart.robot.tn/video/7667217699507948808,Tại sao không nên dùng các chất tẩy rửa khác cho robot hút bụi? #Qrevo2Pro #Roborock #robothutbui #3tsmart ,386,3,0
2026-08-06,3t.smart.robot.tn,qrevo 2 pro,2026-07-27,https://www.tiktok.com/@3t.smart.robot.tn/video/7667212249894833426,Chỉ còn 3 ngày nữa thôi... #Qrevo2Pro #Roborock #robothutbui #3tsmart,273,3,0
2026-07-28,thurobot88,qrevo 2 pro,2026-07-27,https://www.tiktok.com/@thurobot88/video/7667250005844970772,#CapCut #Qrevo2Pro #roborock #robothutbui #robotlaunhadaklak ,203,3,0
2026-07-28,phanthulan715,qrevo 2 pro,2026-07-28,https://www.tiktok.com/@phanthulan715/video/7667515294360898836,Mấy bác còn lăn tăn thì qua em trải nghiệm trực tiếp nhé #roborock #Qrevo2Pro #robothutbui #smarthomephutho ,97,2,0
2026-08-06,phanthulan715,qrevo 2 pro,2026-07-28,https://www.tiktok.com/@phanthulan715/video/7667512904874265876,Chỉ mất vài phút lắp đặt mà hưởng sự an nhàn lâu dài #roborock #Qrevo2Pro #robothutbui #smarthomephutho ,125,4,0
2026-07-28,xiaomi.phu.tho,qrevo 2 pro,2026-07-28,https://www.tiktok.com/@xiaomi.phu.tho/video/7667505593204133127,Để tăng tuổi thọ robot các bác nên vệ sinh định kì nha #qrevo2pro #roborock #robothutbui #robotlaunha #xuhuong ,220,4,0
2026-08-06,xiaomi.phu.tho,qrevo 2 pro,2026-07-27,https://www.tiktok.com/@xiaomi.phu.tho/video/7667214029655559442,"Bác nào ở Phú Thọ qua shop xem trải nghiệm nhận quà nha 🎁🎁🎁 🚘🏠 Số 05 Nguyễn Du, Nông Trang, Việt Trì, Phú Thọ #qrevo2pro #roborock #robothutbui #xuhuong #robotroborock ",385,3,0
2026-08-06,.hng0863,qrevo 2 pro,2026-07-29,https://www.tiktok.com/@.hng0863/video/7667915128758717716,Ánh mắt em va vô em Quevo 2pro của nhà Roborock ❤️❤️#Roborock #Qrevo2Pro #robothutbui #thietbithongminh ,391,3,1
2026-08-06,.hng0863,qrevo 2 pro,2026-07-28,https://www.tiktok.com/@.hng0863/video/7667596570539429140,Em Quevo 2 pro khổ nhất vịnh bắc bộ🤣🤣🤣 Rớt cái che luôn con mắt của người ta😂😂😂Hết thấy đường chạy vòng vòng lun mà🤭🤭🤭#Roborock #Qrevo2Pro #robothutbui #thietbithongminh ,355,1,0
2026-08-06,3t.smart.robot.tn,qrevo 2 pro,2026-07-29,https://www.tiktok.com/@3t.smart.robot.tn/video/7667819187095522567,"60 giây để khám phá lý do vì sao Roborock Qrevo 2 Pro trở thành sự lựa chọn hàng đầu trong phân khúc tầm trung ở thời điểm hiện tại. ✨Khả năng xử lý bụi bẩn vượt trội ✨Làm sạch mượt mà ở từng góc khuất  ✨Tối ưu thông minh cho không gian trải thảm Một sự đầu tư xứng đáng cho tổ ấm hiện đại 🏡 _________________ 🏡: Vua Robot 3T SMART - Số 272, phường Phan Đình Phùng, Thái Nguyên #Qrevo2Pro #Roborock #robothutbui #3tsmart ",428,8,0
2026-08-06,mistorebienhoa,qrevo 2 pro,2026-07-28,https://www.tiktok.com/@mistorebienhoa/video/7667614228424985876,Vệ sinh robot như thế nào là đúng cách?#suachuarobothutbui #mistorebienhoa #robothutbui #roborock #qrevo2pro ,1868,15,0
2026-08-06,roborock.krng.n,qrevo 2 pro,2026-07-28,https://www.tiktok.com/@roborock.krng.n/video/7667590422822259989,"✨ Nhà có nhiều tóc, lông thú cưng mà cứ phải ngồi gỡ chổi sau mỗi lần dọn thì đúng là ""mất vui"". 😮‍💨 Với Qrevo 2 Pro, chuyện đó gần như là không còn nữa. Hệ thống chống rối được SGS chứng nhận 100% thu gom tóc, 0% quấn rối, giúp robot hút sạch tóc mà không làm bạn mất thêm thời gian và sức lực gỡ chổi. 💛 Một công nghệ từng chỉ có trên các dòng cao cấp, nay đã có mặt trên Qrevo 2 Pro để việc dọn nhà vừa sạch hơn, vừa nhàn hơn mỗi ngày. #Roborock #RoborockVietnam #Qrevo2Pro",142,1,0
2026-08-06,phanthulan715,qrevo 2 pro,2026-07-29,https://www.tiktok.com/@phanthulan715/video/7667735804923481365,Qrevo 2 pro chống rối siêu đỉnh #roborock #Qrevo2Pro #robothutbui #smarthomephutho #xuhuong ,106,2,0
2026-08-06,phanthulan715,qrevo 2 pro,2026-07-28,https://www.tiktok.com/@phanthulan715/video/7667595025038970132,Mới mở bán mà cháy liên tục luôn ạ #roborock #Qrevo2Pro #robothutbui #smarthomephutho ,119,4,0
2026-07-29,hatechz,qrevo 2 pro,2026-07-28,https://www.tiktok.com/@hatechz/video/7667584208121990418,Qrevo 2 Pro tuyệt đỉnk kungfu #roborock #roborockvietnam #qrevo2pro #hatechz #quangtri,143,0,0
2026-08-06,robothutbuiductrong,qrevo 2 pro,2026-07-29,https://www.tiktok.com/@robothutbuiductrong/video/7667921073660333332,"✨ Nhà có nhiều tóc, lông thú cưng mà cứ phải ngồi gỡ chổi sau mỗi lần dọn thì đúng là ""mất vui"". 😮‍💨 Với Qrevo 2 Pro, chuyện đó gần như là không còn nữa. Hệ thống chống rối được SGS chứng nhận 100% thu gom tóc, 0% quấn rối, giúp robot hút sạch tóc mà không làm bạn mất thêm thời gian và sức lực gỡ chổi. 💛 Một công nghệ từng chỉ có trên các dòng cao cấp, nay đã có mặt trên Qrevo 2 Pro để việc dọn nhà vừa sạch hơn, vừa nhàn hơn mỗi ngày. #Roborock #RoborockVietnam #Qrevo2Pro #robotductrong #Robotlaunha ",71,1,0
2026-08-06,robothutbuiductrong,qrevo 2 pro,2026-07-28,https://www.tiktok.com/@robothutbuiductrong/video/7667568436045696276,"📦 Đập hộp ngay em Roborock Qrevo 2 Pro thôi! ✨ Không chỉ gây ấn tượng với diện mạo mới, Qrevo 2 Pro còn mang theo hàng loạt nâng cấp đáng giá để việc dọn dẹp trở nên nhàn hơn mỗi ngày. Cùng đập hộp, khám phá từng chi tiết và xem vì sao Qrevo 2 Pro hiện đang là cái tên được nhiều người quan tâm trong phân khúc tầm trung nhé! 🚀 #Roborock #RoborockVietnam #Qrevo2Pro #robotductrong #RobotHutBui ",108,3,0
2026-08-06,xiaomi.phu.tho,qrevo 2 pro,2026-07-29,https://www.tiktok.com/@xiaomi.phu.tho/video/7667893611962354951,"Phân khúc tầm trung cứ Qrevo 2 pro trải nghiệm yên tâm luôn ạ Cảm ơn chị Trang cho đánh giá công tâm ạ 🚘🏠 Số 05 Nguyễn Du, Nông Trang, Việt Trì nhận ưu đãi hoặc ☎ 0862505508 nha các bác  #qrevo2pro #roborock #Robothutbui #robotlaunha #xuhuong ",263,4,0
2026-07-29,xiaomi.phu.tho,qrevo 2 pro,2026-07-29,https://www.tiktok.com/@xiaomi.phu.tho/video/7667861932040408327,"Qrevo 2 pro phân khúc giá 12tr là không thể chê ạ 🚘🏠 các bác qua 05 Nguyễn Du, Nông Trang, Việt Trì để nhận ưu đãi hoặc số 0862505508 ạ #qrevo2pro #roborock #Robothutbui #xuhuong #robotlaunha ",328,4,0
2026-07-29,xiaomi.phu.tho,qrevo 2 pro,2026-07-28,https://www.tiktok.com/@xiaomi.phu.tho/video/7667562244342959378,"còn mau chưa trải nghiệm qua ngày shop Xiaomi Phú Thọ để trải nghiệm sản phẩm nhé ạ  🚘🏠 Số 05 Nguyễn Du, Nông Trang, Việt Trì ☎ 0862505508 #qrevo2pro #roborock #robothutbui #robotlaunha #xuhuong ",381,2,0
2026-08-06,homesmediant99,qrevo 2 pro,2026-07-29,https://www.tiktok.com/@homesmediant99/video/7667936178208787719,Cách tôi tiết kiệm 30p lau nhà mỗi ngày🤩🤩#robothutbui #Roborock #qrevo2pro ,121,2,2
2026-07-30,tigerbot.smarthome,qrevo 2 pro,2026-07-29,https://www.tiktok.com/@tigerbot.smarthome/video/7667946278533369108,#robothutbui#roborock#qrevo2pro ,171,8,1
2026-08-06,.hng0863,qrevo 2 pro,2026-07-29,https://www.tiktok.com/@.hng0863/video/7667967162497207572,🤭🤭🤭🤭🤭#Roborock #Qrevo2Pro #robothutbui #thietbithongminh ,391,0,0
2026-08-06,3t.smart.robot.tn,qrevo 2 pro,2026-07-30,https://www.tiktok.com/@3t.smart.robot.tn/video/7668149768253738248,#Qrevo2Pro #Roborock #robothutbui #3tsmart ,416,4,0
2026-07-30,3t.smart.robot.tn,qrevo 2 pro,2026-07-30,https://www.tiktok.com/@3t.smart.robot.tn/video/7668148223516658962,"Quá đẹp, xuất sắc 🤭 #Qrevo2Pro #Roborock #robothutbui #3tsmart",341,1,0
2026-08-06,3t.smart.robot.tn,qrevo 2 pro,2026-07-30,https://www.tiktok.com/@3t.smart.robot.tn/video/7668144581782850823,Bạn có biết? #Qrevo2Pro #Roborock #robothutbui #3tsmart,454,5,1
2026-08-06,mistorebienhoa,qrevo 2 pro,2026-07-29,https://www.tiktok.com/@mistorebienhoa/video/7667936601774869781,#qrevo2pro #roborock #robothutbui ,126,2,0
2026-07-30,phanthulan715,qrevo 2 pro,2026-07-30,https://www.tiktok.com/@phanthulan715/video/7668236077618007317,Tiêu chí nào em cũng cân hết ạ #roborock #Qrevo2Pro #robothutbui #smarthomephutho #xuhuong ,118,3,0
2026-08-06,phanthulan715,qrevo 2 pro,2026-07-30,https://www.tiktok.com/@phanthulan715/video/7668178760918781205,Phải sắm ngay 1 em thôi ạ #roborock #Qrevo2Pro #robothutbui #smarthomephutho #xuhuong ,110,5,4
2026-08-06,phanthulan715,qrevo 2 pro,2026-07-30,https://www.tiktok.com/@phanthulan715/video/7668154519401843989,Bất ngờ chửa tiểu mỹ? #roborock #Qrevo2Pro #robothutbui #smarthomephutho #xuhuong ,392,8,0
2026-08-06,phanthulan715,qrevo 2 pro,2026-07-30,https://www.tiktok.com/@phanthulan715/video/7668153018327649557,Xứng đang 10 điểm luôn ạ #roborock #Qrevo2Pro #robothutbui #smarthomephutho #xuhuong  ,365,3,0
2026-07-30,domotekvietnam,qrevo 2 pro,2026-07-30,https://www.tiktok.com/@domotekvietnam/video/7668233575870762247,⏰ CHỈ CÒN 1 NGÀY CUỐI! Đừng bỏ lỡ chương trình “Trải nghiệm trước – Mua sau” dành cho Roborock Qrevo 2 Pro và Roborock F25 Ultra. ✨ Đến trực tiếp showroom để trải nghiệm thực tế trước khi quyết định. 🎁 Ưu đãi hấp dẫn chỉ áp dụng đến hết 31/07. #roborock #Domotek #robothutbui #Qrevo2Pro #f25ultra ,203,3,0
2026-08-06,xiaomi.phu.tho,qrevo 2 pro,2026-07-30,https://www.tiktok.com/@xiaomi.phu.tho/video/7668233363035114759,bụi mịn với Qrevo 2 pro cân được hết luôn ạ #qrevo2pro #roborock #Robothutbui #robotlaunha #xuhuong ,183,2,0
2026-07-30,xiaomi.phu.tho,qrevo 2 pro,2026-07-30,https://www.tiktok.com/@xiaomi.phu.tho/video/7668192349121416466,"trải nghiệm xong khách mê luôn 🤩 CTKM diễn ra hết 31/7 nha các bác 🚘🏠 Số 05 Nguyễn Du, Nông Trang, Việt Trì hoặc ☎ 0862505508 ạ #qrevo2pro #roborock #Robothutbui #robotlaunha #xuhuong ",397,4,0
2026-08-06,tigerbot.smarthome,qrevo 2 pro,2026-07-31,https://www.tiktok.com/@tigerbot.smarthome/video/7668610517501611284,#roborock#robothutbui#qrevo2pro #vinhlong#dongthap,482,14,2
2026-08-06,.hng0863,qrevo 2 pro,2026-07-31,https://www.tiktok.com/@.hng0863/video/7668540409756273940,Chủ nhà đi du lịch🤭🤭🤭 Còn con sen vẫn cần mẫn dọn nhà cho chủ yên tâm đi chơi🥰🥰🥰🥰🥰#Roborock #Qrevo2Pro #robothutbui #thietbithongminh ,377,6,0
2026-07-31,phanthulan715,qrevo 2 pro,2026-07-31,https://www.tiktok.com/@phanthulan715/video/7668624665660771604,Cứ gọi là xuất sắc luôn ạ #roborock #Qrevo2Pro #robothutbui #smarthomephutho ,378,3,0
2026-07-31,phanthulan715,qrevo 2 pro,2026-07-31,https://www.tiktok.com/@phanthulan715/video/7668488891900497172,Các bác còn lăn tăn gì mà chưa sắm robot ạ #roborock #Qrevo2Pro #robothutbui #smarthomephutho #xuhuong ,423,4,0
2026-08-06,phanthulan715,qrevo 2 pro,2026-07-30,https://www.tiktok.com/@phanthulan715/video/7668269256617938196,Em cũng muốn có con trai này ạ #roborock #Qrevo2Pro #robothutbui #smarthomephutho ,469,9,2
2026-08-06,momimart.vn,qrevo 2 pro,2026-07-31,https://www.tiktok.com/@momimart.vn/video/7668645193549204754,"📦 Đập hộp ngay em Roborock Qrevo 2 Pro thôi! ✨ Không chỉ gây ấn tượng với diện mạo mới, Qrevo 2 Pro còn mang theo hàng loạt nâng cấp đáng giá để việc dọn dẹp trở nên nhàn hơn mỗi ngày. Cùng đập hộp, khám phá từng chi tiết và xem vì sao Qrevo 2 Pro hiện đang là cái tên được nhiều người quan tâm trong phân khúc tầm trung nhé! 🚀 #Roborock #RoborockVietnam #Qrevo2Pro#robothutbuilaunha ",383,1,1
2026-08-06,xiaomi.phu.tho,qrevo 2 pro,2026-07-31,https://www.tiktok.com/@xiaomi.phu.tho/video/7668605819021413640,Giá hơn 12tr là không thể chê Qrevo 2 pro roborock dc nha các bác  🚘🏠 Hàng sẵn giao lắp toàn Phú Thọ ạ  ☎ 0862505508 #qrevo2pro #roborock #xuhuong #Robothutbui #robotlaunha ,154,3,0
2026-07-31,xiaomi.phu.tho,qrevo 2 pro,2026-07-31,https://www.tiktok.com/@xiaomi.phu.tho/video/7668552253464136967,Thử dùng robot rồi nghiện liền đó các bác 😂 #qrevo2pro #roborock #Robothutbui #xuhuong #robotlaunha ,161,4,0
2026-08-06,tigerbot.smarthome,qrevo 2 pro,2026-08-01,https://www.tiktok.com/@tigerbot.smarthome/video/7668958023699696917,Chọn robot hút bụi Roborock Qrevo 2 Pro có gì? #qrevo2pro #robothutbui #roborock #dongthap #vinhlong ,85,3,2
2026-08-01,3t.smart.robot.tn,qrevo 2 pro,2026-07-31,https://www.tiktok.com/@3t.smart.robot.tn/video/7668696925536849170,#Qrevo2Pro #Roborock #robothutbui #3tsmart ,367,2,0
2026-08-06,thurobot88,qrevo 2 pro,2026-08-01,https://www.tiktok.com/@thurobot88/video/7668895582957718805,#CapCut Chúc mừng Roborock Authorized Store Lâm Đồng Khai trương Hồng Phát. 350 Phan Đình Phùng - Đà Lạt#robothutbui #roborock #Qrevo2Pro ,158,7,0
2026-08-06,phanthulan715,qrevo 2 pro,2026-08-01,https://www.tiktok.com/@phanthulan715/video/7668919716760587541,Mười điểm không có nhưng luôn ạ#roborock #Qrevo2Pro #robothutbui #smarthomephutho ,117,2,0
2026-08-06,robothutbuiductrong,qrevo 2 pro,2026-08-01,https://www.tiktok.com/@robothutbuiductrong/video/7669046126682656020,Robot hút bụi thời điểm nào là tốt nhất? #robotductrong #robotlaunha #robothutbui #Roborock #Qrevo2Pro ,4,0,0
2026-08-06,3t.smart.robot.tn,qrevo 2 pro,2026-08-02,https://www.tiktok.com/@3t.smart.robot.tn/video/7669421094713036040,WHAT IS BEAUTIFUL? #Qrevo2Pro  #Roborock  #robothutbui  #3tsmart  #saros20 ,374,1,0
2026-08-06,tm.anh.kitchen.qu,qrevo 2 pro,2026-08-03,https://www.tiktok.com/@tm.anh.kitchen.qu/video/7669652416471780615,Làm 5 điều này để Robot nhà bạn bền hơn 💯 #bepquangtri #roborock #roborockvietnam #qrevo2pro ,165,2,0
2026-08-06,robothutbuiductrong,qrevo 2 pro,2026-08-03,https://www.tiktok.com/@robothutbuiductrong/video/7669668002152975636,"✨ Sau trải nghiệm thực tế, Chú Tùng Ham Vui đánh giá Qrevo 2 Pro chính là robot hút bụi lau nhà đáng để cân nhắc trong phân khúc tầm trung. Các điểm nổi bật: ◾ Hút sạch bụi lớn ◾ Hạn chế tóc, lông quấn chổi ◾ Lau sát góc hiệu quả Không định vị mình bằng sự phô trương, Qrevo 2 Pro chinh phục người dùng bằng trải nghiệm làm sạch ổn định và sự tiện lợi trong sử dụng. #Roborock #RoborockVietnam #Qrevo2Pro #robotductrong #robotlaunha ",3,0,0
2026-08-06,.hng0863,qrevo 2 pro,2026-08-04,https://www.tiktok.com/@.hng0863/video/7670053469948267797,"Roborock đã lên xe, còn việc nhà thì sắp… xuống xe! 😄 Chúc khách sớm nhận được “trợ thủ” mới và tận hưởng cảm giác nhà sạch mà chẳng cần động tay.#Roborock #Qrevo2Pro #robothutbui #thietbithongminh ",387,2,0
2026-08-06,tigerbot.smarthome,qrevo 2 pro,2026-08-05,https://www.tiktok.com/@tigerbot.smarthome/video/7670502767491829013,#roborock#qrevo2pro #robothutbui#vinhlong#dongthap ,378,3,1
2026-08-05,robothutbuiductrong,qrevo 2 pro,2026-08-04,https://www.tiktok.com/@robothutbuiductrong/video/7670156715358276884,Bộ trưởng bộ nội vụ ra chỉ thị #roborock #HTSmartHome #robotlaunha #Qrevo2Pro #RobotHutBui,6,0,0
2026-07-15,kimanh_1202,qrevo 2 pro,2026-07-10,https://www.tiktok.com/@kimanh_1202/video/7660860902727503124,🔥Có nên chọn Qrevo 2 Pro sản phẩm mới của Roborock...#Roborock #Qrevo2Pro #robothutbui #ahastore #xuhuong #trending #viralvideotiktok #trendingsound,162,9,0
2026-07-15,.hng0863,qrevo 2 pro,2026-07-09,https://www.tiktok.com/@.hng0863/video/7660384304417082645,"QREVO 2 PRO – CHỌN CÔNG NGHỆ VƯỢT TẦM GIÁ, VIỆC CHĂM NHÀ ĐƯỢC GIAO PHÓ THEO CÁCH THẬT DỄ CHỊU #Roborock #Qrevo2Pro #Robothutbui #thietbithongminh ",398,7,0
2026-08-06,robothutbuiductrong,qrevo 2 pro,2026-06-11,https://www.tiktok.com/@robothutbuiductrong/video/7649994416295267604,Chưa mở bán mà cộng đồng Rock đang rần rần Cùng mình phân tích xem 2 Pro có gì nha! #Roborock #roborockqrevo2pro #robothutbui #robotductrong #xuhuong ,444,2,0
2026-08-06,mistorebienhoa,qrevo 2 pro,2026-08-06,https://www.tiktok.com/@mistorebienhoa/video/7670853748738084116,#robothutbui #mistorebienhoa #robothutbuilaunha #roborock #qrevo2pro ,117,0,0
2026-08-07,homebotvietnam,qrevo 2 pro,2026-08-06,https://www.tiktok.com/@homebotvietnam/video/7670924472215833876,Không phải làm gì mà nhà vẫn sạch mỗi ngày? 🤯🤖 Đây là lý do mình mê Qrevo 2 Pro! ✨🏡 #Qrevo2Pro #Roborock #robothutbui #ReviewCongNghe #SmartHome,398,3,0
2026-08-09,.hng0863,qrevo 2 pro,2026-08-09,https://www.tiktok.com/@.hng0863/video/7671839343798914325,Em cứ thấy hàng lên xe là em zui lém rồi!!!! Ib cho em để em bận rộn tư vấn cho các nàng thơ của em nào❤️❤️❤️❤️#Roborock #Qrevo2Pro #robothutbui #thietbithongminh ,401,3,0
2026-08-10,roborock.krng.n,qrevo 2 pro,2026-08-09,https://www.tiktok.com/@roborock.krng.n/video/7671995046618713364,Trực tiếp trải nghiệm tất cả các mã robot hút bụi lau nhà Roborock tại 30 Nguyễn Tất Thành - Krông Nô - Lâm Đồng Hotline: 0985.37.47.48 #RoborockVietnam  #krôngnô  #Qrevo2Pro ,160,6,1
2026-08-11,mi360vn,qrevo 2 pro,2026-08-11,https://www.tiktok.com/@mi360vn/video/7672712167342263572,Em robot Roborock Qrevo 2Pro này sáng bóng từ vỏ ngoài cho tới cách em ấy lau sàn 😍😍😍 #mi360 #roborock #qrevo2pro #robothutbui #xuhuong ,215,6,0
2026-08-11,roborock.krng.n,qrevo 2 pro,2026-08-11,https://www.tiktok.com/@roborock.krng.n/video/7672649228119805204,#robothutbuilaunha  #Roborock  #qrevo2pro  #krongno ,359,9,0
2026-08-12,mistorebienhoa,qrevo 2 pro,2026-08-12,https://www.tiktok.com/@mistorebienhoa/video/7672980309671005460,#mistorebienhoa #robothutbui #suachuarobothutbui #qrevo2pro #roborock ,230,2,0
2026-08-12,longrobot_284,qrevo 2 pro,2026-08-12,https://www.tiktok.com/@longrobot_284/video/7672957453666979092,"Với cách di chuyển đi từ viền vào theo hình xoắn ốc, Robot hút bụi lau nhà sẽ không bỏ sót bụi bẩn đâu ạ. #roborock #qrevo2pro #robothutbuilaunha #longrobot #robottaidanang",347,15,0
2026-08-12,quyrobot,qrevo 2 pro,2026-08-11,https://www.tiktok.com/@quyrobot/video/7672810819553381639,Hdsd vệ sinh #qrevo2pro #roborock #robothutbui #quyrobot ,568,5,1
2026-08-13,homebotvietnam,qrevo 2 pro,2026-08-12,https://www.tiktok.com/@homebotvietnam/video/7673147741786098965,Một chiếc robot giúp mình tiết kiệm cả tiếng dọn nhà mỗi tuần. ⏳✨ Đáng để trải nghiệm! 🤖 #Qrevo2Pro #Roborock #robothutbui #SmartHome #Review,367,1,0
2026-08-14,thuyduonggiadung,qrevo 2 pro,2026-08-14,https://www.tiktok.com/@thuyduonggiadung/video/7673834724636347656,#GiaDungThuyDuong #roborock #robothutbuilaunha #qrevo2pro #xuhuong ,119,1,1
2026-08-14,3t.smart.robot.tn,qrevo 2 pro,2026-08-14,https://www.tiktok.com/@3t.smart.robot.tn/video/7673781996711087378,#f25ultra #qrevo2pro #3tsmart ,326,2,0
2026-08-14,hatechz,qrevo 2 pro,2026-08-13,https://www.tiktok.com/@hatechz/video/7673516301070978312,"25,000Pa hút rẹc rẹc luôn he 😌 #roborock #roborockvietnam #qrevo2pro #hatechz #quangtri ",198,2,0
2026-08-15,thuyduonggiadung,qrevo 2 pro,2026-08-15,https://www.tiktok.com/@thuyduonggiadung/video/7674153595033390354,#robothutbuilaunha #qrevo2pro #roborock #GiaDungThuyDuong #xuhuong ,399,6,0
2026-08-15,thuyduonggiadung,qrevo 2 pro,2026-08-15,https://www.tiktok.com/@thuyduonggiadung/video/7674153062411406610,#robothutbuilaunha #qrevo2pro #roborock #GiaDungThuyDuong #xuhuong ,348,3,1
2026-08-15,thuyduonggiadung,qrevo 2 pro,2026-08-15,https://www.tiktok.com/@thuyduonggiadung/video/7674152858878561544,#robothutbuilaunha #qrevo2pro #roborock #xuhuong ,241,2,0
2026-08-15,thuyduonggiadung,qrevo 2 pro,2026-08-15,https://www.tiktok.com/@thuyduonggiadung/video/7674151195795115272,#robothutbuilaunha #qrevo2pro #roborock #xuhuong ,228,1,0
2026-08-15,thuyduonggiadung,qrevo 2 pro,2026-08-15,https://www.tiktok.com/@thuyduonggiadung/video/7674149325483658504,#GiaDungThuyDuong #robothutbuilaunha #qrevo2pro #roborock #xuhuong ,302,6,0
2026-08-15,3t.smart.robot.tn,qrevo 2 pro,2026-08-14,https://www.tiktok.com/@3t.smart.robot.tn/video/7673874498411777298,Suy nghĩ của con trai và con gái #3tsmart  #qrevo2pro  #haihuoc #funny #boyorgirl ,589,4,0
